noop,fastcall
277,404
363,564
227,422
227,403
227,388
228,381
227,389
227,383
227,391
227,381
227,393
227,416
227,403
227,447
227,400
228,396
227,394
228,381
227,391
227,404
227,390
225,399
226,396
225,381
225,388
226,388
225,432
225,399
225,379
227,389
226,388
227,379
225,410
225,397
225,377
227,396
225,389
228,381
225,427
225,379
225,393
225,387
226,405
225,407
225,405
227,394
225,378
225,381
225,393
226,403
225,407
226,378
229,379
225,389
225,404
225,428
227,377
225,383
225,388
225,382
225,429
225,390
225,393
225,389
225,384
225,401
226,382
225,395
226,393
225,388
227,377
225,388
227,403
227,421
225,376
226,389
225,399
225,410
225,462
225,391
225,388
225,378
225,407
227,399
225,392
228,377
225,394
227,390
225,397
225,401
225,380
225,388
225,388
225,377
225,408
225,415
226,382
227,391
225,394
227,380
226,408
225,414
225,389
225,389
225,388
225,395
225,442
225,414
227,380
225,390
225,380
225,408
225,403
225,388
226,376
225,389
225,376
227,407
225,428
226,393
227,379
225,392
225,385
225,409
225,402
225,382
225,393
227,378
225,378
225,381
225,394
225,380
225,388
226,379
225,394
225,380
227,390
225,396
225,394
225,381
225,395
225,380
225,393
225,394
225,389
225,395
225,380
225,389
227,390
225,378
225,389
225,380
225,392
225,389
225,380
227,379
225,378
225,382
225,395
225,378
225,380
225,404
225,410
225,434
225,416
226,387
225,379
225,387
225,380
225,415
225,417
226,395
227,392
226,382
227,403
225,431
225,418
225,388
225,390
225,394
225,444
225,395
225,395
226,377
225,388
225,388
225,409
225,419
225,378
227,389
227,389
226,381
225,411
225,419
225,376
225,396
225,393
225,400
225,404
225,378
225,377
225,392
226,408
227,395
225,379
227,387
225,376
225,444
225,409
226,391
225,389
225,377
226,379
225,389
226,404
225,418
225,376
227,380
225,393
225,395
226,422
225,401
225,379
228,396
225,377
227,393
225,409
225,428
225,393
225,378
226,396
225,380
225,404
225,416
225,393
225,379
227,395
225,380
225,404
225,420
228,377
227,395
225,394
225,394
225,400
225,423
226,376
226,377
225,377
225,481
225,402
225,390
225,391
226,384
225,390
226,389
227,407
225,379
226,393
226,401
225,393
227,394
225,405
226,384
225,391
225,389
225,394
225,407
225,406
225,388
226,392
225,382
226,391
227,390
225,409
225,384
225,389
227,378
225,404
225,401
226,400
225,394
225,377
227,394
225,377
226,404
226,440
225,413
226,393
225,377
225,395
225,393
226,405
225,405
225,394
225,378
226,383
225,388
225,408
225,388
226,380
225,393
225,391
227,390
225,424
227,431
225,390
225,389
225,379
228,418
225,383
225,464
227,388
225,394
225,390
225,413
227,405
225,387
227,377
227,388
225,390
225,409
227,403
225,380
227,378
225,391
225,393
225,393
227,403
225,378
225,379
225,392
225,382
225,408
227,403
225,393
225,379
225,389
225,387
225,393
225,420
227,393
225,377
226,394
225,412
225,433
225,395
225,378
225,389
225,388
225,410
226,405
225,378
229,394
226,378
225,378
225,402
227,432
226,393
225,377
225,388
225,395
225,404
227,417
225,393
226,395
225,389
225,395
225,428
226,404
225,388
225,388
225,389
225,377
225,395
225,380
225,403
225,429
225,397
227,395
225,377
225,392
225,388
225,430
227,379
226,389
226,388
225,390
225,400
225,403
225,378
225,387
225,387
225,397
225,430
225,394
225,376
225,401
225,405
225,419
225,376
225,388
225,377
225,412
225,406
225,376
227,376
225,379
225,390
227,422
227,403
225,377
227,379
226,380
225,390
225,393
225,414
225,381
225,388
225,380
225,383
226,402
225,388
225,381
227,388
227,377
225,393
225,402
227,392
225,377
226,377
227,386
225,408
225,393
227,390
227,378
226,378
225,389
225,377
225,391
225,403
226,377
225,384
225,388
225,382
227,433
225,416
227,381
227,390
225,377
226,378
225,393
226,407
225,394
225,382
225,409
226,393
225,386
225,402
226,394
225,388
225,392
226,376
225,392
225,393
225,414
225,376
225,378
225,380
226,382
225,403
226,408
226,377
225,380
225,379
225,410
227,387
225,382
225,393
225,381
226,394
225,403
225,392
227,378
226,380
225,391
226,377
226,406
227,424
225,379
225,388
225,393
225,393
225,423
225,412
225,378
225,377
227,386
226,389
226,377
225,454
225,377
225,378
225,379
226,384
225,405
225,429
225,388
225,378
225,382
225,388
225,402
225,394
226,380
225,391
225,394
225,388
225,403
226,402
225,378
225,380
225,377
227,376
227,385
225,438
225,394
225,379
225,379
225,394
225,392
225,421
226,383
225,396
225,379
225,389
225,410
227,415
226,380
226,390
225,388
225,385
227,407
225,429
225,383
225,393
225,380
225,389
225,398
226,429
227,383
227,394
225,377
225,382
225,402
225,388
225,380
225,405
225,383
225,407
225,401
226,381
228,390
227,395
227,394
225,405
225,394
225,377
225,379
225,384
225,405
225,410
225,377
225,378
225,386
225,391
225,413
225,379
227,378
225,380
225,390
225,394
227,392
225,428
225,377
227,377
226,392
225,395
225,389
225,377
225,383
225,396
225,377
225,423
225,389
227,381
225,396
226,382
225,445
225,401
226,393
225,377
226,380
226,394
225,395
225,388
225,420
226,379
225,388
225,377
225,393
225,388
225,402
227,384
225,394
227,389
226,393
225,413
225,379
225,383
225,393
225,389
225,377
225,403
225,388
225,384
225,393
227,395
225,382
227,390
226,402
225,381
227,394
225,396
225,383
225,389
225,403
226,383
225,392
226,377
226,380
226,405
225,387
225,376
225,377
225,390
227,388
225,400
225,403
225,380
225,395
226,384
225,394
226,397
225,404
226,380
228,388
227,377
225,382
225,407
225,403
225,394
225,377
226,382
225,388
225,409
226,388
225,377
225,376
225,380
228,393
225,396
225,390
225,408
225,407
225,381
225,393
226,383
225,388
225,391
225,423
225,380
225,388
225,378
226,385
227,403
225,412
225,388
227,379
225,393
227,388
225,400
227,498
225,380
225,396
225,379
225,383
225,406
226,399
228,385
226,388
225,377
226,394
225,404
226,395
226,389
227,380
225,395
225,393
227,410
225,379
226,392
226,379
225,394
227,453
225,377
225,385
225,388
225,377
225,414
225,425
226,384
225,392
225,376
225,388
227,392
225,389
227,381
225,392
226,384
225,393
225,404
225,414
225,383
225,396
225,377
227,377
225,381
225,414
227,379
225,381
226,392
227,381
225,408
225,388
225,380
226,392
226,378
225,434
227,403
225,377
225,379
225,391
225,382
225,403
227,378
225,380
227,392
225,395
225,418
225,376
225,377
225,377
225,382
226,394
225,408
225,387
227,378
225,389
225,380
227,394
225,378
225,380
225,392
225,395
227,390
225,380
226,396
226,445
225,404
225,377
225,379
225,394
225,388
226,379
225,415
225,405
225,379
227,393
225,379
225,389
225,393
225,403
225,377
227,392
227,382
225,394
225,414
225,392
225,382
225,390
229,378
225,388
225,408
226,399
225,396
225,392
226,387
227,377
225,407
225,429
225,388
225,381
225,394
225,377
225,381
226,415
225,376
225,377
225,378
225,393
227,394
225,420
227,376
225,380
225,390
225,423
226,387
225,378
225,377
226,394
226,408
227,404
225,377
225,379
225,394
225,395
225,399
232,404
225,377
227,376
225,393
225,429
225,378
225,381
225,389
225,383
225,402
225,376
225,377
225,376
225,390
225,376
227,393
225,393
226,417
225,393
225,378
225,382
225,393
225,401
227,425
225,377
225,378
225,395
228,389
225,383
225,408
225,399
228,383
228,395
227,379
225,389
225,389
227,408
225,402
225,395
225,379
226,394
225,391
225,419
227,416
225,376
225,379
227,388
226,382
225,402
225,432
226,393
225,382
225,394
225,381
225,403
225,402
226,380
225,381
225,388
227,378
225,405
225,406
226,377
225,382
226,388
225,376
226,377
225,408
225,394
226,383
225,390
227,378
225,397
226,399
225,377
225,380
225,393
226,377
225,403
225,401
225,382
225,389
226,393
225,378
225,452
225,387
225,378
225,378
225,378
225,392
225,398
227,415
225,379
225,393
225,385
225,394
227,402
225,408
225,390
226,394
225,379
225,388
225,379
225,424
225,418
225,392
225,387
226,377
225,408
225,389
225,393
225,378
225,383
225,389
227,392
225,415
225,381
225,392
226,380
225,389
225,392
225,398
225,378
225,380
225,394
226,383
226,408
225,399
225,380
225,393
225,393
225,394
227,387
225,409
226,430
225,383
225,394
225,389
225,393
225,394
225,401
228,420
225,394
225,385
225,391
226,392
225,424
227,389
225,409
227,388
225,394
225,377
226,394
225,391
225,405
225,394
225,378
226,377
225,383
225,394
227,398
225,415
225,381
225,394
225,390
225,391
225,403
227,377
225,378
225,385
227,379
225,393
225,391
227,389
225,381
225,394
225,382
226,387
225,392
227,392
227,381
226,394
225,396
225,394
225,393
225,430
226,378
225,378
226,394
225,412
225,405
225,389
227,378
226,377
225,393
226,408
225,406
225,389
225,389
225,390
225,383
225,403
225,399
227,388
226,387
225,381
227,393
225,392
227,416
225,383
225,390
225,391
225,394
225,403
225,390
225,383
225,389
225,388
227,404
225,402
225,380
225,389
225,389
225,387
227,474
225,388
225,377
225,378
226,381
225,405
225,404
225,377
225,378
227,377
225,376
226,392
225,384
227,388
225,389
225,393
228,403
225,415
225,383
225,389
225,390
225,392
225,403
225,381
227,394
226,377
225,377
225,401
226,395
227,394
225,376
225,389
225,395
226,422
225,376
225,389
227,379
225,403
225,395
227,396
225,380
225,400
226,383
225,419
227,394
226,378
225,382
225,386
225,390
227,379
226,404
225,378
225,376
225,388
225,382
225,388
227,412
225,377
225,381
226,389
225,383
225,404
226,416
225,381
226,395
225,392
225,394
227,397
225,422
227,382
226,388
225,388
225,388
225,398
225,419
225,378
225,381
225,395
225,393
225,418
225,435
225,382
226,388
226,387
225,384
225,405
225,419
227,381
225,395
225,420
225,387
225,380
225,389
225,380
226,390
225,378
225,405
225,420
226,378
225,395
225,376
225,390
225,388
225,453
225,382
225,389
225,384
225,398
226,432
225,392
225,377
226,387
225,395
225,384
225,407
225,473
225,381
228,393
227,392
227,388
226,398
225,400
225,382
225,394
225,387
225,376
225,378
226,391
225,407
225,414
226,379
226,392
225,384
226,388
226,391
225,389
227,380
225,393
225,379
227,403
225,398
225,406
225,381
225,389
227,391
225,378
225,380
225,403
226,400
225,383
225,393
225,393
225,393
226,393
225,429
226,378
225,378
225,385
225,390
225,433
225,420
227,388
227,376
225,393
227,391
225,415
225,389
225,382
226,388
227,390
225,377
226,393
225,402
225,392
225,395
225,376
225,380
225,406
225,388
227,387
225,396
226,378
225,383
225,402
225,391
225,392
225,376
226,392
225,390
225,408
226,402
227,392
225,395
225,390
228,393
225,405
225,393
225,379
225,385
225,378
225,388
227,404
225,405
225,393
225,378
225,388
225,414
225,437
227,393
227,377
225,381
225,388
226,392
225,388
225,378
225,378
227,384
225,409
227,394
225,378
232,393
225,376
225,381
225,408
226,402
225,382
225,394
227,383
225,403
225,391
225,392
227,377
226,398
225,388
225,378
227,403
225,390
225,379
225,387
225,377
225,381
225,402
225,408
227,391
226,392
225,379
225,390
225,389
227,392
225,393
225,388
225,378
226,386
225,389
226,392
227,388
225,377
225,394
225,396
225,379
226,423
225,389
226,378
226,382
226,394
227,382
225,403
225,389
226,383
225,392
225,377
225,378
225,391
225,414
225,381
225,389
225,390
225,407
225,394
225,377
225,395
227,389
225,378
225,403
226,389
225,377
225,382
226,392
225,395
225,403
225,405
225,377
226,377
225,390
225,378
225,377
225,393
227,380
225,382
225,389
225,434
225,391
225,377
226,396
225,388
226,380
226,393
225,402
225,380
226,394
227,395
225,390
225,433
226,399
225,383
226,390
225,377
226,386
225,398
225,464
225,383
225,390
227,377
226,379
225,393
226,403
226,380
226,379
226,392
226,379
227,403
225,376
225,380
225,389
225,387
225,382
225,390
225,388
225,378
225,383
225,394
225,377
227,395
225,419
226,380
225,394
226,379
225,389
225,441
225,389
225,377
227,377
225,392
225,403
226,393
225,380
225,388
225,376
225,395
225,416
226,382
226,393
225,393
225,419
227,397
225,404
225,376
225,377
225,388
225,393
225,404
225,379
225,379
225,381
225,389
225,396
225,394
225,381
225,390
225,380
225,396
227,386
226,406
225,394
225,379
227,393
225,383
227,402
225,379
225,395
225,376
225,376
225,391
225,409
225,395
225,393
225,389
225,391
225,388
225,399
227,430
225,380
228,389
226,388
225,398
226,406
225,379
225,381
225,393
228,382
225,406
225,400
225,379
226,394
225,393
225,388
227,410
225,402
226,384
226,393
225,378
225,377
225,411
225,393
225,393
225,377
226,395
225,380
225,408
225,430
225,381
225,390
225,381
226,392
227,419
225,379
225,393
227,392
226,392
225,394
225,410
225,393
225,396
226,380
225,389
225,396
225,397
226,387
226,376
225,388
225,383
225,388
225,394
226,402
225,408
225,392
225,376
227,408
226,392
226,392
225,404
225,378
225,377
227,392
227,409
226,402
225,384
225,389
226,396
226,393
225,434
225,401
225,383
227,388
225,381
225,378
225,402
225,387
225,380
225,396
226,391
227,376
225,410
225,400
225,379
226,378
225,393
226,390
225,403
225,378
225,383
226,388
225,388
225,412
225,419
225,394
227,377
225,381
225,389
225,397
225,401
227,382
225,387
225,391
225,433
225,399
225,385
225,388
227,391
225,386
226,404
225,405
226,384
225,395
226,377
225,379
225,380
225,464
225,379
225,388
227,377
225,386
225,416
226,406
225,380
225,394
225,377
225,384
225,404
226,408
225,378
225,377
225,381
225,407
227,415
225,381
226,394
225,376
225,393
225,400
225,413
227,394
225,377
226,394
225,377
225,393
225,428
225,382
225,387
225,376
227,392
225,404
225,406
226,388
227,381
225,396
227,410
225,407
225,380
225,388
225,376
225,378
225,396
225,415
225,380
227,388
227,393
225,377
225,408
226,401
225,377
225,377
225,405
225,402
225,388
225,380
225,395
227,376
225,399
226,429
225,414
225,381
225,396
227,380
225,393
226,403
225,388
226,379
226,380
225,392
225,390
225,409
225,399
225,382
225,390
225,388
226,377
225,389
225,404
225,392
225,384
225,395
225,380
225,394
225,403
225,407
227,394
225,377
227,382
225,389
225,410
225,401
225,376
225,384
226,380
225,404
225,403
226,381
225,388
225,378
225,394
226,405
225,420
225,394
227,379
226,395
225,380
225,408
225,414
229,380
225,389
225,394
225,383
228,403
225,420
225,394
225,377
225,389
225,390
227,408
225,415
225,393
225,376
225,388
225,387
225,478
225,401
225,394
225,378
226,392
225,394
225,398
226,400
225,381
227,387
225,392
226,378
228,478
225,399
227,393
227,377
225,390
225,389
226,405
227,415
225,379
225,393
227,393
225,376
227,432
226,470
227,382
226,391
225,394
227,376
225,405
226,424
227,393
225,379
226,394
225,389
226,409
226,430
226,394
227,380
227,389
225,395
226,407
225,388
225,381
225,388
225,393
225,405
225,427
225,393
225,380
226,395
225,388
228,409
225,401
227,393
225,392
225,388
227,393
225,399
225,401
225,399
226,393
225,388
225,377
225,398
225,399
226,396
225,393
225,380
225,387
225,416
227,391
227,378
227,376
227,394
225,392
225,406
227,391
227,393
226,387
225,393
225,420
225,429
227,380
225,393
225,380
227,389
225,447
227,388
225,385
225,388
226,378
226,391
225,402
225,401
225,380
227,394
225,390
225,380
225,479
225,401
226,393
225,388
225,392
225,433
225,407
225,397
225,377
225,388
225,384
225,404
225,401
225,390
225,400
225,393
225,398
225,404
225,377
227,389
225,380
226,408
225,402
227,397
225,393
225,395
225,395
225,407
225,443
225,379
225,392
225,400
225,403
225,409
225,394
225,380
225,394
225,394
225,405
225,379
225,403
225,416
225,379
225,394
225,377
225,393
227,414
225,414
226,376
225,391
225,385
225,378
225,395
227,405
225,392
225,379
226,388
225,394
225,479
225,399
227,395
225,391
225,393
225,393
227,433
225,464
226,377
225,378
225,377
225,396
226,454
226,400
226,388
225,410
225,392
225,395
225,402
225,402
225,377
225,378
225,382
225,393
227,395
225,403
225,388
225,403
225,387
227,388
225,385
225,434
225,393
227,376
225,405
225,409
225,411
225,383
227,396
225,378
225,388
225,380
225,395
227,416
225,380
225,392
225,377
226,394
227,409
226,390
225,381
225,390
227,380
225,387
225,398
225,402
227,383
225,389
226,385
225,390
225,397
225,405
225,379
225,390
225,378
225,403
225,403
226,389
225,378
225,377
225,397
225,388
225,424
227,412
227,379
226,392
225,377
225,387
225,400
226,403
225,380
225,388
225,379
225,378
225,391
227,404
225,382
226,416
225,385
225,403
225,409
226,394
226,377
225,392
226,389
227,407
225,401
226,397
225,395
225,383
226,391
227,421
225,377
225,389
225,393
225,388
225,389
225,407
227,388
227,393
226,387
225,390
225,408
227,392
225,378
227,378
225,378
225,394
226,396
226,468
225,376
225,393
227,381
225,389
227,418
225,376
226,378
225,384
225,404
225,391
225,388
227,402
225,378
225,393
226,392
225,380
232,475
225,415
225,381
225,387
225,392
225,419
226,405
226,379
225,395
225,393
225,392
225,410
225,403
227,381
225,393
226,378
225,379
225,396
225,400
225,376
225,379
225,385
226,388
225,398
225,414
227,380
227,389
225,378
225,377
225,398
225,403
225,377
225,378
225,409
225,379
227,379
225,495
225,381
225,388
225,388
227,382
226,404
225,388
225,377
225,389
226,391
227,393
225,383
225,495
225,383
225,393
226,377
225,381
226,378
225,496
227,382
225,388
226,390
225,388
226,411
225,405
225,378
225,381
227,389
225,377
225,409
225,399
225,380
227,394
225,377
227,388
225,389
225,444
225,420
225,382
225,391
225,380
225,404
225,434
225,379
225,378
225,399
225,380
226,404
225,390
225,379
225,378
227,377
225,397
225,403
225,380
227,395
225,387
225,379
227,403
225,388
225,383
225,393
225,381
226,393
226,404
225,390
225,382
225,394
225,384
227,390
225,403
227,394
225,381
227,389
226,377
225,390
228,382
226,464
226,381
225,392
225,378
225,390
225,397
226,414
227,379
225,391
225,379
226,413
225,403
225,387
225,378
225,377
225,392
225,395
225,407
226,406
225,392
226,376
225,397
225,394
225,434
225,457
226,381
225,394
225,387
225,394
225,393
225,418
227,379
232,390
225,396
225,379
225,403
225,420
227,393
225,388
225,384
227,394
225,403
225,403
225,378
226,380
225,377
226,381
225,403
225,388
225,380
225,389
225,377
225,391
225,403
227,404
225,380
225,396
227,379
225,388
225,388
227,395
225,381
227,388
226,396
225,393
225,394
225,382
225,395
225,404
225,379
225,392
225,379
225,387
225,388
225,404
225,387
225,383
225,387
225,376
225,392
225,414
227,380
225,395
225,389
225,388
225,399
225,415
227,376
225,378
225,392
225,393
225,408
225,393
227,380
225,389
226,389
227,404
226,434
225,382
225,394
226,376
225,391
225,427
227,388
226,381
225,387
225,402
225,409
225,420
225,382
227,390
226,391
225,410
225,416
225,385
225,390
225,389
225,405
225,396
225,399
225,392
225,388
227,393
226,393
227,429
225,377
225,377
226,386
225,388
225,392
225,388
225,377
225,385
227,395
227,376
225,378
225,408
225,403
225,389
227,377
225,396
227,393
225,407
225,445
225,381
226,388
225,377
227,378
225,394
225,415
227,383
225,395
225,389
225,379
225,408
225,420
225,380
225,395
225,402
225,394
226,392
226,404
225,378
225,381
225,395
227,385
226,405
225,410
225,388
226,393
225,400
225,412
226,399
226,391
227,388
225,390
225,378
225,389
225,402
227,379
225,395
225,383
225,393
225,396
227,410
225,393
227,383
226,391
225,384
225,390
227,403
225,388
226,376
227,377
225,393
225,393
225,409
226,414
225,377
225,380
225,388
226,379
226,411
225,390
227,377
225,377
225,378
225,397
227,388
225,392
226,383
225,389
225,394
225,381
225,410
225,430
225,380
225,387
227,388
225,379
225,387
225,403
225,377
225,377
225,394
225,393
225,396
225,399
226,380
225,410
227,376
226,402
227,389
225,377
225,381
225,387
227,377
225,397
226,401
225,391
225,395
225,386
225,395
225,394
227,391
225,376
227,380
226,389
226,403
227,387
225,379
225,376
225,384
226,396
226,388
226,380
225,380
226,393
226,384
225,405
227,402
226,383
225,387
227,388
225,380
227,405
226,377
225,380
225,388
225,392
225,410
227,383
225,394
225,395
225,379
225,419
225,420
226,377
225,380
225,379
225,384
225,403
227,404
225,378
225,378
225,384
225,391
225,379
225,431
226,395
225,391
225,393
225,414
225,395
225,393
225,395
225,394
225,389
225,377
225,407
225,391
225,433
225,419
225,376
225,378
227,379
227,404
227,404
225,381
225,392
226,394
225,394
225,403
225,388
226,384
227,389
225,380
225,394
225,424
225,400
225,382
225,388
225,388
225,376
226,378
225,409
225,399
225,380
227,394
225,394
225,390
225,423
227,382
225,381
225,397
227,377
225,445
227,416
225,380
225,392
225,381
225,383
225,403
225,388
226,377
225,378
227,393
225,376
226,394
225,390
227,378
225,381
225,389
225,377
225,404
227,388
225,377
225,381
226,392
225,378
225,407
227,401
227,377
225,383
226,390
227,408
226,402
225,392
225,397
225,380
226,409
225,403
225,388
228,376
225,380
225,381
225,392
225,408
226,403
225,383
225,389
227,395
225,380
225,408
225,403
225,382
225,388
225,388
225,383
227,403
225,405
225,379
225,405
227,391
226,403
225,389
226,380
225,395
225,377
225,385
225,479
225,376
226,384
226,392
226,389
225,389
225,380
227,403
225,383
232,388
225,383
225,394
225,414
225,403
225,380
228,390
225,393
225,393
225,403
226,391
225,392
227,381
225,387
225,380
225,389
227,418
226,381
227,391
227,394
225,394
225,411
225,418
226,379
226,397
226,382
226,388
225,391
225,430
226,381
225,388
225,393
225,393
227,394
225,406
225,395
225,381
225,393
225,389
225,381
225,408
225,381
225,393
225,383
225,387
225,376
226,404
226,401
225,383
225,388
227,388
225,384
227,410
226,411
226,392
225,388
225,377
225,409
225,494
226,379
227,392
229,400
225,380
225,423
225,420
225,396
227,398
225,377
225,390
225,412
225,400
225,397
225,393
225,379
225,385
225,404
227,401
228,403
225,404
225,388
225,393
226,387
225,393
225,408
227,399
225,396
225,390
227,381
225,394
225,408
225,389
225,381
225,388
225,379
225,389
225,390
225,401
225,388
227,392
225,388
225,383
227,424
225,400
225,393
227,391
225,388
225,387
225,407
225,409
226,378
225,381
225,394
225,378
225,392
226,466
226,376
225,393
225,387
225,403
225,400
226,399
225,394
227,382
228,395
227,399
227,414
225,388
225,388
225,405
225,404
227,414
226,381
226,390
225,387
227,422
225,430
227,394
225,377
225,399
225,391
225,394
226,401
225,376
227,388
225,394
225,433
226,494
225,392
225,377
225,377
227,396
226,478
225,403
225,377
225,410
225,376
225,389
225,402
225,388
225,377
227,396
225,389
225,403
225,392
226,400
226,395
225,388
225,403
225,380
225,407
226,412
226,377
225,380
225,392
225,387
225,405
226,415
225,377
225,396
227,388
225,394
225,402
227,404
226,393
225,380
225,395
225,388
225,404
225,420
225,377
228,394
225,383
225,394
225,384
225,434
225,379
225,394
227,376
227,389
227,423
225,404
225,380
225,397
227,380
225,414
226,403
225,378
227,388
225,388
227,393
225,410
225,388
225,379
226,378
227,386
225,410
225,424
225,392
225,389
225,391
225,408
227,406
225,383
225,393
226,388
225,382
226,410
225,383
225,378
225,380
227,393
225,377
225,397
227,403
225,390
225,393
225,376
226,391
225,388
227,403
226,390
225,382
225,394
225,390
225,389
225,408
227,416
225,377
227,377
225,392
225,382
225,414
225,376
225,389
225,378
225,421
227,405
225,393
227,389
225,379
225,405
225,400
225,380
226,396
227,377
225,378
225,392
226,414
225,381
225,392
225,390
228,397
225,415
225,376
227,380
226,389
225,394
226,410
225,405
225,394
225,377
225,395
225,389
225,403
225,393
227,384
225,394
225,380
225,389
225,410
227,400
225,377
225,381
225,396
226,382
227,402
227,388
228,378
227,377
225,391
225,406
225,399
225,377
227,382
225,392
225,385
228,402
225,387
225,384
225,396
225,387
225,382
225,483
225,388
225,380
226,387
225,376
227,378
227,403
227,402
225,384
225,389
225,377
226,379
225,405
225,430
227,376
225,380
225,396
228,380
225,387
225,410
225,388
226,410
225,388
227,381
227,394
225,400
225,383
225,425
225,388
225,378
225,398
225,399
225,393
225,431
225,403
225,376
227,388
225,392
225,394
226,414
225,399
225,377
225,378
225,385
225,394
225,422
225,394
225,392
225,388
226,393
225,382
225,466
226,399
227,384
225,387
225,379
227,388
225,411
225,409
227,379
225,394
227,380
226,388
225,411
225,403
226,378
225,383
225,388
225,381
225,444
227,377
225,378
225,381
225,396
226,393
227,446
227,414
226,382
225,409
225,393
225,417
225,428
225,379
225,381
225,389
225,393
227,398
225,416
225,376
227,377
225,392
225,393
225,415
227,409
225,378
228,379
225,377
225,378
225,408
225,414
226,377
225,382
227,388
227,382
225,416
225,407
225,378
227,377
225,377
226,388
225,394
225,417
227,392
225,378
226,377
225,393
225,467
225,391
225,393
226,376
225,380
225,416
227,402
225,391
225,394
225,388
225,390
225,410
225,402
227,378
225,377
225,381
226,402
226,388
227,380
227,396
225,378
225,378
225,396
225,408
226,388
225,395
225,393
227,392
225,382
225,425
225,413
225,388
225,389
225,394
226,392
226,422
225,393
225,376
225,407
225,402
225,394
226,410
225,407
226,378
225,377
225,379
225,412
225,416
226,388
225,397
226,379
225,408
225,388
225,423
226,390
225,387
225,376
225,381
225,392
227,459
225,399
225,376
225,378
225,384
225,404
225,432
225,377
225,380
225,389
227,394
225,431
225,403
225,379
225,402
225,376
225,409
225,474
226,388
225,376
227,381
225,387
225,382
225,410
225,417
225,393
225,380
226,394
226,393
225,397
225,416
225,400
225,381
226,393
225,393
225,380
225,406
225,415
225,376
225,377
225,382
225,388
225,395
225,409
225,393
226,395
225,380
225,388
225,407
225,430
225,377
227,376
225,379
225,388
225,432
225,466
225,379
225,383
225,393
225,380
225,420
227,401
225,379
226,388
225,376
225,377
225,387
225,401
225,377
225,380
225,395
225,376
225,417
225,400
225,380
225,394
225,388
225,387
228,422
225,399
225,382
225,409
227,393
225,404
227,403
225,430
225,380
226,401
227,388
226,380
225,417
226,470
225,393
226,377
226,391
225,389
225,431
228,403
225,380
226,389
227,377
225,399
225,422
225,506
225,379
225,394
225,392
227,393
225,400
226,429
226,381
226,394
225,377
225,393
225,408
225,410
225,409
225,407
225,391
227,388
225,403
225,428
226,380
225,393
227,394
225,394
225,390
226,392
225,377
225,381
225,393
225,376
225,418
225,404
226,377
227,386
225,384
225,394
225,421
225,404
225,392
226,377
225,393
225,388
226,428
225,379
226,380
225,389
225,382
225,388
225,376
227,434
225,420
225,380
225,388
225,379
225,387
225,392
225,453
225,382
226,394
225,380
225,402
227,413
226,377
225,383
227,401
225,394
225,400
226,407
225,420
225,379
225,388
225,381
225,390
225,422
225,405
225,379
226,413
225,376
225,383
225,411
225,418
225,381
226,388
225,385
225,421
225,390
225,381
225,394
225,380
225,388
225,392
225,380
225,394
227,394
225,406
225,430
225,378
227,377
227,383
225,388
225,418
225,429
225,377
225,377
225,378
226,395
227,445
225,405
225,379
225,393
225,407
226,394
225,405
225,405
225,377
225,382
225,389
227,393
225,413
225,404
225,376
225,380
225,393
225,394
226,402
225,415
226,381
225,396
225,378
225,401
225,432
225,459
225,390
225,408
227,390
226,405
225,396
225,393
226,378
225,383
225,400
225,381
225,412
225,415
227,380
225,401
225,405
226,416
225,404
225,380
226,397
225,383
225,393
228,442
225,411
225,381
225,388
225,383
225,388
225,405
225,390
227,378
225,380
227,393
225,379
225,391
225,391
226,442
226,405
225,392
225,377
226,378
226,378
227,417
225,400
225,381
225,392
227,392
226,379
225,447
227,405
225,376
225,397
225,393
225,379
225,413
226,403
225,377
225,384
225,381
225,396
225,405
225,389
227,377
225,378
226,381
225,388
225,393
225,399
225,397
225,392
225,388
226,382
225,397
226,405
225,383
227,393
226,383
225,392
225,396
226,403
225,378
225,386
225,390
226,396
225,420
226,404
227,380
227,388
225,389
225,380
227,427
225,496
227,376
225,381
227,387
225,392
225,433
225,403
225,377
225,381
225,392
225,381
227,417
225,387
225,380
225,388
227,380
225,377
225,403
225,400
225,377
226,381
225,389
226,393
225,414
227,388
227,378
225,378
225,391
225,410
226,402
227,420
228,377
225,378
225,378
225,401
225,401
226,392
227,393
227,378
227,383
225,402
225,400
225,464
225,376
225,377
225,379
227,384
225,412
225,417
225,388
225,387
227,392
225,391
225,403
225,446
226,403
225,376
225,377
225,387
227,393
225,410
225,399
226,381
225,389
225,383
227,393
227,446
225,421
225,381
226,388
225,379
225,431
226,402
225,376
225,378
225,387
225,394
225,410
225,408
226,378
225,381
227,388
225,377
225,430
225,402
225,378
225,378
225,388
225,383
225,402
226,408
227,377
225,380
225,379
225,388
226,417
227,393
225,394
225,377
225,381
226,390
225,411
228,401
225,377
226,393
225,377
225,381
225,395
225,453
225,381
225,395
225,384
225,414
225,447
225,399
226,380
227,396
225,381
225,394
225,405
227,396
225,392
225,393
225,407
226,394
225,436
227,396
227,389
225,403
225,406
225,428
227,380
225,389
225,377
225,393
225,385
225,410
225,423
227,388
225,384
225,385
225,399
227,442
225,391
227,387
225,388
227,380
225,388
225,415
225,408
227,392
227,389
227,389
225,381
227,416
225,391
227,380
225,388
225,377
226,378
225,417
226,404
227,377
227,381
226,393
225,389
225,415
225,419
226,388
225,389
225,392
227,394
225,396
225,427
226,380
225,398
227,378
225,399
225,408
227,381
225,396
225,401
225,400
225,413
225,415
225,379
225,389
225,381
225,394
226,420
225,395
227,393
225,378
227,389
227,392
225,407
225,400
225,380
225,396
225,382
227,389
225,437
227,422
225,380
225,389
225,380
225,388
227,417
226,392
225,377
226,377
225,391
225,419
227,418
225,380
225,396
225,389
227,395
225,405
225,393
225,388
225,389
225,376
226,378
225,416
225,389
225,381
225,394
225,379
225,392
225,405
225,394
226,378
225,387
226,400
225,403
226,403
225,377
225,378
225,378
225,391
225,402
225,376
226,377
225,396
227,407
225,393
225,410
226,390
225,388
225,389
225,381
225,389
225,406
225,391
225,393
227,376
227,395
225,379
225,467
225,387
225,380
226,389
225,380
225,433
225,388
225,379
225,381
225,389
225,404
227,435
225,399
227,381
225,407
227,395
227,412
226,417
225,393
225,378
226,381
225,392
225,394
225,408
227,377
225,409
225,415
226,388
225,378
225,393
225,377
225,397
225,380
225,395
225,376
225,393
225,389
225,421
227,469
226,393
225,378
227,392
226,380
225,421
225,402
225,376
225,379
226,388
226,442
225,400
225,393
225,379
225,395
226,382
225,415
225,404
226,394
225,379
225,387
225,380
225,417
225,443
226,376
225,388
225,401
225,417
225,407
225,394
225,396
225,389
226,394
225,447
225,415
225,393
225,380
225,389
225,381
227,408
225,442
225,423
226,393
225,377
227,377
225,391
225,415
225,411
225,394
227,377
226,393
227,409
225,430
225,379
225,395
225,409
227,393
227,482
225,403
225,378
226,395
226,381
226,390
227,416
225,440
228,389
225,376
225,378
225,391
225,427
227,392
226,378
225,378
225,384
225,392
226,466
225,423
225,394
227,420
225,402
227,422
225,410
225,388
225,379
225,387
225,400
226,416
225,392
225,393
225,377
226,379
225,395
227,403
225,420
225,381
225,394
226,377
225,391
225,413
225,443
225,379
225,407
226,395
225,408
225,428
228,396
225,389
225,380
225,397
225,379
226,389
225,446
225,393
225,393
225,379
225,388
226,384
225,404
226,376
225,440
225,419
225,379
226,413
225,376
225,415
225,408
225,393
226,380
225,392
225,393
225,446
225,402
226,387
225,376
226,378
227,413
226,415
225,383
225,401
226,396
226,401
227,417
225,404
227,389
225,377
226,378
226,396
227,417
234,435
226,390
225,411
226,407
225,395
226,411
225,400
225,382
227,389
225,381
227,393
225,377
227,432
227,408
225,387
225,376
227,389
225,382
227,414
225,418
225,382
227,394
225,384
225,420
225,418
227,379
225,393
226,383
227,388
226,475
225,377
227,380
225,406
225,390
225,425
225,429
225,376
225,390
227,392
225,382
225,387
225,405
226,414
225,377
226,391
225,393
226,394
227,420
226,414
225,379
225,388
225,383
227,389
226,402
225,399
226,378
227,391
225,395
225,381
225,417
226,404
225,376
225,389
225,381
225,381
227,420
225,399
225,376
225,391
225,394
226,381
225,406
225,429
227,380
225,393
225,376
225,393
225,426
225,393
225,377
227,376
227,387
226,455
225,398
225,377
225,378
227,384
225,409
225,401
225,377
225,388
226,377
225,378
225,461
226,400
225,389
225,384
225,389
225,409
225,410
225,431
225,377
225,378
225,382
225,389
225,405
225,402
225,387
225,376
225,380
227,388
225,405
227,404
225,388
225,397
225,395
225,396
225,422
225,391
225,388
225,393
225,393
225,412
227,416
226,403
225,388
225,393
225,381
225,389
225,380
226,426
225,392
225,377
227,380
225,390
227,393
225,417
225,378
227,387
226,378
227,380
225,414
225,429
225,389
225,377
227,407
225,442
225,403
227,378
227,385
225,396
226,414
225,421
225,390
227,392
226,399
225,376
225,398
226,415
225,377
227,388
225,401
225,385
226,416
225,390
225,395
226,411
226,394
225,379
225,396
226,414
226,380
227,393
225,380
226,390
225,406
226,408
225,384
227,392
226,383
225,393
227,402
225,405
227,377
225,381
226,381
227,389
225,432
225,432
225,393
225,376
225,382
225,407
225,425
226,397
225,378
225,387
227,399
227,401
225,422
225,385
225,393
225,376
225,404
225,378
227,402
225,408
227,392
225,389
225,405
227,393
225,415
227,393
225,389
225,377
225,386
225,390
227,405
225,392
225,393
225,379
227,393
226,407
226,411
225,404
225,379
225,388
225,376
227,409
225,405
225,379
225,387
225,382
227,426
225,414
225,383
227,393
225,377
225,382
227,394
225,436
225,403
225,379
225,392
227,408
225,393
226,410
226,468
225,388
225,381
226,389
226,381
225,478
225,404
225,379
225,388
226,380
225,380
225,440
226,404
225,379
225,393
228,393
225,384
225,410
226,389
225,381
225,401
225,403
227,392
226,437
225,404
225,379
225,394
225,393
225,383
225,421
225,387
225,381
225,394
227,388
225,395
225,423
225,388
225,393
225,380
225,389
225,382
225,416
225,394
226,382
226,397
225,393
226,385
225,416
225,387
226,377
225,388
225,394
227,394
225,400
227,406
225,382
226,388
225,409
225,381
225,410
225,400
225,381
225,393
227,396
225,388
225,442
225,379
225,378
225,381
227,408
225,377
225,406
227,430
225,378
226,377
226,387
225,379
225,397
225,432
225,377
225,388
225,377
225,393
225,398
225,388
225,388
227,392
225,382
225,388
225,419
225,391
226,377
225,380
226,389
226,424
225,402
226,387
225,384
226,392
226,393
225,417
227,420
225,376
227,389
227,390
226,412
225,431
225,379
225,379
225,393
225,395
227,404
225,392
227,445
227,420
225,388
225,394
225,382
225,388
225,402
225,400
225,388
225,403
227,401
225,393
225,411
225,395
225,394
225,397
226,376
225,392
225,416
226,418
225,377
225,389
227,394
225,396
225,422
225,431
225,376
225,377
226,395
225,394
225,415
225,391
225,391
225,396
227,377
225,380
225,405
225,393
226,376
225,392
225,393
227,416
226,406
225,394
225,377
227,381
225,389
226,420
225,403
225,376
225,378
226,384
225,395
225,411
226,415
225,376
225,380
225,393
225,393
228,417
225,394
227,394
226,376
226,379
225,377
225,416
225,457
228,393
225,376
225,384
226,393
225,416
225,409
225,378
226,384
226,387
226,393
226,415
225,392
227,378
225,392
227,402
225,387
225,400
225,414
225,380
225,389
231,394
226,380
225,389
226,377
225,398
226,428
226,427
225,378
225,378
225,376
225,392
225,437
225,403
225,380
226,388
225,376
225,422
226,408
225,394
225,376
225,377
225,433
225,414
226,382
225,396
227,381
225,388
225,416
225,464
225,377
227,390
225,393
225,427
225,457
225,379
225,394
227,377
225,378
225,399
225,396
225,389
225,377
226,391
225,427
225,411
225,392
225,401
227,390
225,397
225,393
225,388
226,376
226,380
225,387
225,393
227,442
225,402
227,381
225,389
225,389
227,420
225,411
225,401
227,380
225,398
225,384
226,406
227,416
225,388
227,380
225,393
225,393
225,388
227,422
225,413
225,379
225,388
225,393
225,393
226,426
225,394
225,377
225,381
225,378
226,380
227,400
225,378
225,381
225,388
226,379
225,384
226,432
225,388
225,377
227,377
225,378
227,379
225,403
227,415
225,415
225,380
226,387
225,380
227,425
225,402
225,381
225,395
227,388
225,389
226,422
225,403
225,394
225,395
227,402
225,393
228,396
226,403
225,378
227,382
225,389
227,403
225,396
225,420
228,379
225,392
225,379
225,387
225,426
227,403
225,382
225,387
225,382
225,387
225,415
225,404
227,380
225,388
226,381
226,416
225,465
226,380
225,388
225,383
225,389
225,446
227,405
227,376
225,382
225,387
225,383
226,416
226,392
225,377
225,377
225,381
225,391
225,416
225,403
225,377
225,394
226,377
227,414
225,414
225,377
225,378
227,389
225,384
225,396
227,390
225,389
225,391
226,396
225,380
225,417
225,402
226,377
225,403
225,377
227,377
225,401
225,378
225,381
225,392
225,385
225,393
227,399
227,390
225,378
225,381
225,393
227,380
225,416
225,388
226,381
227,387
225,380
227,410
226,430
225,380
227,388
227,384
226,389
225,417
225,376
228,380
225,388
225,376
225,394
225,416
225,379
226,392
225,376
225,380
226,411
226,453
226,381
225,388
225,384
226,396
225,408
225,409
225,381
225,396
225,383
225,389
225,391
225,393
225,377
225,378
227,383
225,393
225,423
225,390
226,393
225,395
225,376
225,385
226,410
226,387
225,380
225,394
227,382
227,395
225,421
225,387
225,380
225,388
225,392
225,392
225,414
225,403
225,380
225,389
225,391
225,385
225,393
225,421
225,398
225,392
225,392
228,378
225,376
225,385
226,406
225,395
225,388
225,376
225,377
225,393
226,394
225,379
227,382
225,388
227,380
225,416
225,407
225,376
225,382
226,388
225,376
226,438
225,429
225,380
225,393
225,380
226,397
226,403
225,398
225,405
225,394
226,388
225,391
225,413
225,414
225,377
225,381
225,390
225,393
225,402
225,391
225,389
226,376
225,378
226,401
226,392
226,379
227,382
225,389
226,403
225,401
226,392
225,388
225,388
225,380
225,387
226,480
225,395
228,388
225,405
225,408
225,390
225,439
225,419
226,377
225,381
225,400
225,393
225,389
225,417
225,408
225,377
226,380
225,388
226,387
225,391
225,416
225,378
225,378
226,379
225,378
225,422
226,388
225,377
225,377
225,378
227,387
225,403
225,407
225,393
225,380
225,392
225,383
225,405
225,410
227,393
225,377
225,395
227,392
225,392
226,401
225,414
225,385
227,394
225,393
225,386
225,421
225,419
225,379
227,388
225,380
227,394
227,406
225,393
225,393
225,393
225,401
225,393
225,442
225,409
227,377
225,378
226,378
225,381
225,393
227,388
225,399
225,393
227,381
227,389
227,397
225,394
225,421
226,390
227,394
225,377
226,384
225,388
225,422
225,420
225,378
225,382
225,387
225,393
225,446
227,404
225,376
225,382
225,387
225,393
225,400
225,389
225,378
226,381
226,396
225,381
225,416
225,396
225,393
226,379
226,396
225,386
225,411
225,388
225,381
225,389
225,377
225,395
225,441
225,393
225,378
225,376
225,381
225,405
226,394
225,378
225,377
225,377
225,400
225,404
227,381
225,388
225,380
226,388
225,413
225,391
227,376
225,380
225,388
225,405
225,435
225,429
227,377
225,385
226,384
225,385
226,406
225,393
225,376
225,380
225,393
225,394
225,413
227,399
225,382
225,389
225,388
225,382
225,403
225,406
225,395
226,393
225,377
225,377
225,377
225,419
225,404
226,376
225,381
225,388
225,380
227,395
225,409
227,404
225,403
226,377
225,380
225,394
227,380
225,436
225,388
227,378
226,390
225,376
225,378
227,378
225,400
225,404
225,378
227,379
225,390
225,391
225,417
225,407
225,380
225,389
225,385
225,389
225,422
225,405
225,380
225,393
232,391
225,387
227,393
226,405
226,445
225,387
225,393
226,393
225,415
225,408
227,393
227,392
225,392
225,393
226,424
225,395
225,382
227,389
227,388
225,382
225,415
225,421
225,381
227,388
227,382
225,416
225,394
225,393
225,388
225,379
225,399
225,403
225,389
225,377
225,380
227,377
227,419
225,404
225,376
227,379
226,395
225,391
225,421
225,403
227,379
225,387
226,392
225,389
225,402
225,399
225,377
226,379
225,383
226,388
225,393
225,465
225,376
225,380
227,393
225,391
226,416
226,376
225,378
227,378
225,392
225,390
225,406
226,408
225,393
226,379
225,392
227,379
226,411
225,404
225,377
225,383
225,392
225,382
225,397
226,419
225,378
225,398
225,391
229,439
225,430
225,382
226,388
225,395
225,379
226,412
227,454
226,381
225,393
227,395
225,388
225,394
225,417
227,394
226,387
225,391
225,381
225,392
228,442
226,402
226,382
227,387
225,393
226,380
225,491
225,403
225,377
225,398
225,377
225,380
225,416
225,429
225,382
227,390
225,393
225,381
225,389
225,382
225,389
225,436
225,387
225,379
226,380
226,394
227,392
225,405
226,415
225,420
225,380
226,388
225,381
225,393
225,415
225,413
227,382
225,389
227,377
225,378
225,407
225,392
225,387
225,388
225,376
227,410
227,420
226,396
225,377
225,397
225,389
225,421
226,393
225,377
225,380
225,389
225,384
226,393
225,421
225,403
226,378
225,382
225,387
225,376
225,387
225,415
225,377
225,377
226,380
225,378
225,390
225,394
225,377
225,380
228,388
225,388
225,399
225,408
225,388
227,404
225,384
225,402
225,417
225,431
226,387
225,376
225,378
225,403
225,405
226,378
225,383
225,388
225,381
225,444
225,388
225,379
225,380
225,388
227,382
226,388
225,405
225,394
226,380
225,388
225,381
226,388
226,412
225,389
225,380
227,389
226,379
226,379
225,405
225,377
225,380
225,388
225,393
225,393
225,401
225,414
225,383
225,388
225,395
225,376
225,420
225,414
225,380
225,388
225,381
225,391
225,405
225,398
225,393
225,390
225,377
228,394
226,442
227,396
225,393
226,379
226,392
225,391
225,416
225,392
227,388
225,380
225,395
225,380
225,393
225,403
225,376
225,376
227,379
226,387
225,402
225,399
225,380
226,388
226,388
225,378
225,400
225,391
227,389
225,389
226,376
225,405
225,409
225,377
227,377
225,377
227,385
225,437
225,408
225,377
225,378
225,396
225,379
225,396
225,403
225,388
226,390
225,378
225,390
226,417
225,387
227,380
225,393
227,388
227,381
225,442
227,393
225,392
225,393
225,377
225,377
226,470
225,404
226,392
226,377
232,395
225,389
226,416
225,401
225,383
225,393
226,383
227,394
225,421
226,388
227,376
225,377
225,377
225,396
225,407
226,399
227,377
226,381
226,389
225,383
226,415
225,401
225,381
228,391
225,389
225,380
225,422
227,389
225,377
226,383
225,387
225,376
225,400
225,406
225,394
225,378
225,382
225,394
225,402
226,400
225,377
227,381
225,394
225,376
225,417
225,388
226,396
225,378
225,393
225,385
225,416
225,421
227,421
228,376
227,378
227,380
225,378
226,411
225,391
228,387
225,387
225,378
225,405
225,393
228,377
225,379
226,379
232,415
225,491
226,377
225,380
226,389
225,395
225,401
225,431
225,388
225,389
225,390
225,394
228,436
225,391
226,388
225,388
225,379
225,388
225,398
225,399
226,377
227,380
225,394
225,380
225,421
225,418
225,379
226,388
225,388
226,377
225,415
226,414
225,380
225,388
225,394
227,383
227,389
225,406
225,384
225,392
226,388
225,377
225,383
226,410
226,393
225,378
225,378
225,381
225,388
225,401
225,403
226,393
225,384
227,385
225,393
225,402
227,453
225,380
228,393
225,392
227,379
227,447
226,416
226,379
225,388
225,381
226,388
225,384
225,403
225,377
225,387
225,396
225,401
225,402
225,414
225,383
225,388
225,389
227,383
225,402
226,407
226,380
225,388
225,380
225,392
225,446
225,387
225,382
225,391
225,392
225,382
225,416
225,403
225,380
225,389
225,394
226,419
225,419
226,377
225,378
225,378
227,381
227,446
225,399
226,381
225,390
226,393
226,382
225,402
225,396
225,399
225,414
225,381
225,393
225,396
226,394
225,389
225,414
227,406
227,420
225,376
225,382
226,389
225,388
225,409
225,404
225,376
227,399
225,387
227,395
226,407
225,419
225,376
225,378
225,378
227,380
227,430
225,405
225,380
227,387
226,378
226,380
225,416
227,404
225,380
226,388
226,379
227,388
225,380
225,389
227,408
225,403
225,403
226,377
225,385
227,381
227,389
225,446
226,420
225,379
225,388
226,381
226,388
226,398
225,429
225,391
225,396
226,384
226,386
227,405
225,384
225,392
225,395
225,376
226,388
225,387
225,401
225,393
225,394
227,393
225,395
225,414
227,406
225,377
226,377
225,378
227,393
225,480
226,403
225,387
225,388
225,378
225,381
225,422
225,404
226,379
225,389
227,383
225,389
225,444
227,403
226,379
227,394
225,388
225,421
225,390
226,393
225,385
228,396
226,389
225,417
225,390
225,393
226,376
226,395
225,446
225,387
227,376
225,393
225,381
226,389
227,458
225,421
225,376
225,377
226,381
225,393
226,433
225,410
225,394
225,392
225,388
227,392
225,471
225,376
225,377
225,379
227,406
225,422
225,404
225,382
226,388
225,380
227,395
227,446
225,392
225,380
225,389
225,382
226,393
226,407
226,433
226,392
226,402
225,406
225,395
225,420
225,415
225,383
225,388
225,379
225,388
225,415
225,420
225,384
225,388
225,381
227,388
226,411
225,400
225,376
226,378
225,382
226,394
225,415
225,433
225,393
226,392
226,394
227,383
225,421
226,400
225,382
225,388
226,393
227,379
225,410
225,416
225,380
225,385
225,385
225,395
225,404
225,476
225,413
226,380
225,388
225,392
225,388
225,405
227,424
226,393
225,396
225,378
225,381
227,413
225,400
226,393
227,377
225,384
225,393
225,402
225,403
225,377
225,377
225,381
225,391
225,447
227,406
227,391
226,390
225,376
225,378
225,402
225,415
225,380
225,394
226,388
225,384
225,416
225,393
226,381
227,388
226,394
225,395
225,405
225,415
225,382
225,387
225,391
225,394
225,405
225,423
225,387
225,388
227,377
225,381
225,402
227,407
225,380
225,388
225,389
225,382
226,441
225,393
226,381
225,390
226,383
225,388
225,390
225,403
226,377
225,378
227,379
225,377
225,419
225,432
225,394
226,384
225,401
227,377
225,422
227,431
225,376
225,382
225,387
225,384
225,417
227,418
225,378
225,377
226,377
227,415
225,404
225,377
227,382
225,395
225,378
225,393
225,395
225,428
226,381
226,387
225,382
225,389
225,417
226,397
225,388
225,389
225,379
225,388
225,422
225,405
228,389
225,389
226,380
227,389
225,442
226,393
225,387
225,379
226,388
225,379
225,415
225,403
225,377
227,380
225,396
225,381
225,414
225,404
226,377
225,381
227,405
225,395
225,405
225,392
225,393
225,389
226,377
226,389
227,414
225,494
225,390
225,393
226,390
226,390
225,412
225,405
226,378
225,379
225,378
225,380
225,422
227,406
225,388
225,405
225,402
225,422
225,401
225,378
225,381
227,390
225,405
227,393
227,379
227,393
225,378
227,387
225,415
225,387
225,381
225,388
227,377
225,399
225,416
227,376
225,377
226,376
227,377
225,389
225,387
225,414
225,377
225,380
225,390
227,393
225,405
225,392
225,378
225,391
226,383
228,389
225,397
226,377
225,391
227,389
226,398
225,414
225,377
227,381
225,389
226,394
225,393
227,417
225,392
225,377
225,394
225,406
225,406
225,405
225,420
227,380
225,387
227,379
225,414
225,400
225,383
225,387
225,380
225,399
225,494
225,377
225,389
225,411
225,401
225,416
225,405
226,380
227,387
225,379
225,441
225,431
225,376
225,378
225,379
225,402
225,437
227,404
227,379
225,388
226,393
225,393
225,435
227,402
225,391
225,407
225,379
225,411
225,394
227,393
225,393
225,393
225,393
225,408
225,414
227,376
225,386
225,387
227,416
225,394
225,393
226,388
225,381
225,415
225,406
225,377
225,378
225,393
225,383
225,392
226,406
225,435
225,379
227,389
227,392
227,415
225,417
227,402
225,380
225,390
225,383
227,402
225,402
225,376
226,382
225,389
227,383
227,410
225,403
225,379
225,381
225,395
225,394
226,393
225,436
227,399
225,376
226,379
225,389
225,392
226,399
225,395
228,379
225,377
225,377
227,391
225,400
225,403
225,377
225,378
225,381
225,410
227,392
225,377
225,378
225,378
225,422
225,395
225,377
225,407
225,390
225,407
227,446
225,401
225,384
225,388
225,395
227,393
225,426
225,405
225,394
225,377
225,391
227,394
227,415
225,404
225,379
225,377
225,394
226,410
225,467
225,386
227,377
225,396
225,377
225,377
227,411
225,377
226,389
225,381
225,388
225,393
225,424
225,429
225,379
225,389
226,390
225,405
225,392
226,393
225,408
225,384
225,410
225,390
225,389
225,377
225,395
225,383
225,417
225,387
225,377
225,377
225,376
225,385
226,403
225,378
225,390
225,396
225,384
227,402
225,471
225,377
225,390
225,408
226,398
225,399
227,378
227,379
225,376
229,389
225,477
225,388
225,377
225,377
226,378
226,394
225,437
225,392
225,393
227,377
225,379
225,389
225,422
227,406
225,394
226,378
225,392
226,390
226,416
225,399
225,392
225,390
225,402
225,396
225,437
225,429
227,377
225,378
225,377
226,384
227,416
225,399
225,376
225,378
225,394
225,383
225,416
225,407
225,388
225,396
226,387
225,396
225,416
225,416
225,383
225,392
225,382
226,387
225,435
225,391
226,377
225,376
225,378
227,429
225,453
227,376
226,385
225,385
225,387
225,422
225,404
228,377
225,381
225,388
225,393
225,421
225,420
228,379
226,381
225,389
225,382
225,417
227,408
228,388
225,397
225,380
225,388
225,407
228,404
226,389
225,394
225,388
225,384
226,416
226,393
225,377
225,378
225,377
226,378
225,409
225,404
226,376
227,380
225,388
225,380
226,417
226,466
225,380
225,394
225,380
227,389
225,421
228,387
226,378
226,378
226,389
227,388
225,428
225,393
225,377
225,388
226,389
225,395
225,412
225,392
226,393
226,400
225,400
226,401
226,446
225,419
225,376
225,380
226,392
225,410
225,399
225,379
225,388
225,377
226,378
225,422
226,431
226,376
226,378
226,385
225,389
225,390
225,392
227,379
227,392
225,377
225,376
227,412
225,429
227,390
225,376
225,383
226,388
225,416
225,420
225,377
226,382
225,393
225,376
225,467
225,391
225,377
225,377
225,379
226,377
225,402
225,420
225,377
226,381
225,395
225,393
226,411
226,430
225,377
225,380
227,388
226,380
225,416
225,428
226,378
225,380
225,389
226,377
226,406
226,442
225,390
227,392
226,379
225,378
225,381
225,432
227,390
225,388
225,401
225,407
226,394
226,416
225,392
225,377
225,380
227,392
226,381
225,405
226,430
225,382
225,388
225,376
225,480
226,377
225,377
226,376
225,377
225,383
225,416
227,406
225,388
225,387
225,393
225,382
225,416
225,391
225,377
227,390
227,394
225,396
225,429
227,382
225,390
225,395
226,393
225,406
225,431
225,388
225,387
226,393
227,394
226,405
225,404
225,380
225,389
225,387
227,383
225,415
225,394
225,389
225,383
226,389
227,384
225,417
225,411
227,394
225,380
225,394
225,383
227,417
225,394
225,380
225,387
226,376
225,449
225,393
225,377
225,377
225,379
226,392
225,380
225,417
225,400
225,381
225,395
227,377
225,395
225,417
225,396
225,393
227,379
225,393
225,379
227,444
225,395
225,377
225,377
225,378
225,390
227,405
225,404
225,379
225,410
225,402
225,428
225,457
226,381
225,389
225,388
225,391
225,407
225,459
225,396
226,388
226,378
227,390
225,416
227,404
227,377
227,377
227,376
225,393
225,405
227,405
225,392
225,388
227,380
227,416
225,377
225,377
226,388
226,376
225,395
226,419
227,415
225,379
227,388
226,377
227,417
227,404
227,376
225,393
225,377
225,387
225,405
225,400
225,389
225,396
225,411
225,419
225,407
226,419
225,378
225,403
225,395
225,399
226,442
227,404
225,388
225,388
225,378
225,408
225,443
225,421
225,377
225,385
225,387
225,402
225,399
225,388
225,394
225,389
225,380
225,414
227,409
226,388
225,377
225,388
225,393
225,393
225,412
225,418
227,393
225,392
225,393
226,395
225,412
225,410
225,376
227,392
226,376
225,389
225,419
225,390
227,382
227,398
227,386
226,420
225,393
225,380
226,390
225,383
225,389
225,390
227,393
225,377
225,376
227,378
225,390
225,415
225,420
225,380
225,388
225,380
227,394
225,378
225,410
225,390
225,390
225,384
226,397
225,390
225,417
225,388
225,377
225,377
226,387
225,380
225,421
225,404
227,376
225,381
225,394
225,393
225,416
225,404
227,378
225,376
227,377
225,415
225,399
227,380
225,387
225,379
225,388
225,395
225,396
227,431
225,393
225,376
227,377
225,391
227,417
225,393
226,381
225,390
225,382
225,416
225,496
225,380
225,389
227,381
226,395
225,402
225,405
225,393
225,378
225,383
225,388
225,396
225,429
225,392
225,380
225,387
227,380
225,416
225,402
225,377
225,381
227,394
225,380
226,416
225,404
225,380
226,393
227,389
225,395
225,480
225,405
225,376
227,391
226,391
225,380
227,410
225,408
225,393
225,378
226,394
226,393
225,417
226,408
225,379
225,377
225,378
225,377
225,403
227,403
225,377
225,389
227,395
225,384
226,388
225,401
225,400
225,406
225,419
225,400
226,381
225,389
226,383
225,393
225,422
226,400
226,381
225,393
226,380
226,387
225,410
226,377
227,380
225,395
225,394
226,393
225,415
225,403
225,377
225,381
225,396
227,380
225,407
225,401
227,382
225,392
232,393
225,379
225,425
227,405
225,377
225,407
226,393
225,394
225,419
227,404
225,376
226,378
225,377
225,419
225,416
227,377
225,380
227,395
225,418
225,394
225,405
225,395
225,377
225,393
227,395
225,421
225,405
225,393
225,392
225,379
225,391
226,418
225,405
226,380
225,388
227,385
225,393
225,390
225,433
225,379
225,377
225,385
225,388
225,449
225,403
225,392
225,377
226,385
225,390
226,411
225,419
225,377
227,380
227,394
225,392
225,411
225,429
225,376
226,381
225,387
225,382
225,417
225,407
225,380
225,393
225,382
225,396
225,402
225,430
226,377
225,381
225,392
225,394
226,423
225,419
227,387
225,376
226,391
227,393
225,418
225,392
226,377
225,408
225,379
225,431
227,419
225,380
225,394
225,394
226,393
226,406
225,421
225,392
225,393
225,379
225,387
225,412
225,429
225,376
225,377
225,393
225,384
225,416
225,392
227,378
225,378
225,385
225,389
225,403
225,419
225,377
228,376
226,380
225,421
225,405
225,380
226,393
226,393
225,393
225,446
225,406
225,393
225,393
226,380
225,410
225,403
225,381
225,388
225,376
227,380
225,401
225,415
225,383
225,395
225,377
227,380
225,390
228,402
226,405
226,393
227,378
225,393
226,404
225,416
225,404
225,393
226,378
225,393
225,382
225,388
227,393
225,381
225,395
225,387
226,406
225,430
226,379
225,395
225,393
225,393
225,414
225,444
227,393
225,382
225,393
225,394
226,408
225,429
225,376
225,378
225,391
226,392
227,403
225,405
225,377
226,380
225,388
226,395
226,411
225,400
225,376
225,380
225,393
225,376
227,416
225,402
225,394
225,379
225,387
225,382
227,416
225,420
227,380
225,394
225,394
225,381
225,415
226,399
225,381
226,396
225,393
225,394
227,423
225,422
227,393
226,393
225,394
227,395
225,405
225,420
225,376
226,391
226,394
225,381
226,422
225,419
226,379
225,393
227,384
225,392
225,376
226,415
225,392
227,378
225,391
225,394
225,416
225,446
225,391
226,393
225,393
225,379
225,402
225,444
225,401
225,377
227,378
226,378
227,415
227,420
225,378
225,378
225,384
225,379
225,390
227,380
225,432
225,422
225,377
227,382
225,393
225,376
225,399
227,418
225,377
225,382
225,394
225,378
225,406
225,469
225,377
225,394
227,408
225,391
225,406
225,391
226,392
225,388
226,380
225,378
225,403
227,393
227,381
225,390
226,393
227,393
226,431
226,383
225,388
225,389
227,379
225,389
226,422
225,403
225,376
226,379
225,393
226,376
225,397
225,420
226,388
225,391
226,389
225,397
227,405
226,494
225,387
225,398
225,388
226,395
226,444
225,399
225,379
225,389
226,392
225,381
225,440
225,403
225,389
225,389
225,394
225,392
225,407
225,429
227,376
225,380
225,392
225,379
225,410
225,388
225,378
225,379
226,394
225,377
225,414
225,419
225,377
225,384
225,377
226,393
227,405
225,399
225,380
225,390
225,377
225,388
227,405
225,400
226,377
225,381
225,390
225,393
225,408
226,400
225,379
225,389
225,382
227,387
226,382
227,416
225,392
225,377
225,384
225,391
225,394
225,379
226,417
225,376
225,377
225,419
226,389
227,414
225,419
225,377
226,380
225,393
227,394
226,404
225,376
225,377
226,378
227,388
226,385
225,416
225,402
225,377
225,393
226,393
225,421
225,400
225,382
225,403
227,377
226,389
225,384
225,391
227,389
225,389
225,380
225,388
227,390
225,403
225,376
225,380
225,390
225,393
225,390
225,401
227,377
226,379
225,378
225,379
225,406
225,408
226,377
226,379
225,378
225,378
225,413
225,494
225,395
228,390
226,383
225,394
227,390
225,389
225,377
225,378
225,380
225,378
225,395
225,408
226,422
225,394
225,376
227,402
227,393
225,399
225,389
225,380
225,393
225,379
225,377
225,417
227,391
225,376
225,377
225,387
226,382
227,393
226,417
225,414
225,394
225,379
227,384
225,389
227,416
226,403
226,378
225,378
227,384
225,393
225,412
226,425
225,376
225,380
225,393
225,379
225,446
225,387
225,396
227,388
225,393
225,377
225,406
225,465
225,379
227,388
225,384
225,389
225,406
225,418
225,376
225,379
227,388
225,379
225,403
225,418
225,403
226,377
225,378
226,388
225,383
225,416
225,387
225,379
227,394
225,380
226,446
225,408
225,377
225,380
226,392
225,377
225,385
226,412
225,407
225,394
225,377
225,393
225,378
225,423
225,391
225,392
225,376
227,395
225,389
225,415
227,431
225,377
225,384
227,384
225,397
227,429
226,376
225,395
225,407
225,393
225,400
225,494
225,377
226,379
225,394
226,383
225,422
225,391
225,392
225,379
225,388
225,396
225,421
225,394
225,394
225,392
225,377
226,403
225,407
225,395
225,395
225,377
225,392
225,422
225,408
225,378
227,399
227,401
225,401
225,420
225,426
227,376
227,377
226,390
225,412
225,406
225,394
225,393
225,377
227,394
225,379
225,408
225,476
225,393
226,393
226,387
225,403
225,400
225,444
225,393
227,392
225,393
225,384
225,387
225,416
227,407
225,377
226,381
228,393
227,394
225,417
225,429
225,382
226,388
227,383
226,394
227,405
225,404
226,380
225,388
227,395
225,389
225,420
225,411
225,376
226,379
225,391
225,393
227,405
225,402
225,389
225,377
226,384
225,389
227,459
228,400
226,376
226,377
227,380
225,389
227,445
225,404
226,393
225,376
225,385
225,391
225,416
225,409
226,380
225,387
225,395
227,393
226,418
225,392
226,377
225,380
225,396
225,392
225,402
225,420
225,389
226,381
225,389
225,452
229,429
225,379
226,385
225,385
225,386
226,424
225,420
232,387
225,377
225,388
225,409
225,418
225,377
225,379
226,391
225,413
225,422
225,377
225,378
226,378
225,381
225,393
227,390
225,404
226,377
225,390
225,407
228,417
225,397
225,387
225,388
225,380
225,400
225,392
225,389
225,428
227,392
226,377
225,380
228,393
225,378
227,401
225,433
225,379
225,393
225,379
225,377
226,476
225,388
227,380
225,388
227,394
227,442
225,447
227,389
225,377
227,378
225,407
225,469
225,377
225,392
225,388
225,416
225,392
226,378
227,388
225,404
225,393
225,402
225,399
227,389
226,395
225,378
225,401
226,417
225,432
225,394
225,393
225,390
225,416
226,406
225,389
227,387
225,379
226,411
225,403
227,397
227,394
225,394
227,396
225,411
226,400
225,376
225,377
225,387
226,388
226,417
225,400
227,390
225,380
225,395
225,396
226,433
225,452
226,377
225,380
225,378
225,392
225,427
225,418
225,393
226,377
225,394
227,383
225,442
225,404
225,376
225,388
225,392
225,395
225,416
225,415
225,394
227,376
225,393
225,411
225,414
225,388
225,381
227,394
225,397
225,413
225,453
225,376
225,377
227,393
227,393
225,416
225,387
225,377
227,381
225,395
225,408
225,442
227,403
225,377
227,378
225,406
225,382
226,395
225,494
225,389
225,399
225,395
225,392
227,406
226,408
227,388
225,381
225,392
225,391
225,410
225,494
225,380
225,389
225,379
226,402
225,401
226,384
225,393
226,376
225,380
225,411
225,406
225,394
225,379
227,377
227,393
225,413
225,415
225,380
225,389
225,393
225,393
225,412
225,431
225,379
225,387
225,393
226,390
225,415
225,388
225,381
225,394
225,385
225,393
225,426
225,400
225,376
227,401
225,403
225,419
225,404
225,377
225,384
225,400
225,402
226,405
225,402
226,377
225,381
225,389
225,383
225,388
225,399
226,393
225,378
225,377
227,390
225,382
225,419
225,400
225,384
226,401
225,403
225,396
227,425
225,382
225,388
225,380
225,388
226,397
225,393
226,382
225,452
225,392
225,408
225,414
225,376
226,377
225,379
225,381
225,411
225,417
225,391
226,394
225,389
225,394
228,421
225,387
225,381
225,396
226,390
225,403
225,406
226,396
225,393
225,393
225,393
225,382
225,412
225,419
225,378
225,388
225,378
228,384
227,442
225,403
225,395
225,393
226,388
225,426
225,394
225,380
225,395
227,383
225,393
225,408
227,406
225,379
227,389
225,387
225,406
225,401
225,380
227,388
225,377
225,441
225,408
227,378
225,389
225,383
225,399
225,434
225,399
225,397
225,392
225,377
225,377
225,416
225,398
225,389
225,377
225,395
231,383
225,446
225,403
225,379
226,387
225,382
225,416
227,388
225,381
225,388
225,380
227,444
225,391
227,392
225,376
228,380
225,395
226,423
225,431
225,393
225,378
227,388
226,392
226,416
227,407
225,393
225,377
225,394
226,380
225,444
225,396
227,394
225,378
226,377
225,396
225,421
226,393
225,390
225,388
225,396
225,418
227,405
225,390
226,377
225,405
225,426
225,393
226,377
225,394
227,392
225,393
225,478
226,376
225,388
227,380
225,387
225,392
226,376
225,379
225,405
225,404
225,392
225,393
226,400
227,396
225,394
227,444
227,393
225,392
226,376
225,388
225,389
226,379
225,476
225,404
227,387
225,387
226,393
225,401
225,430
225,396
225,393
225,395
225,390
226,411
225,430
225,378
226,388
225,390
225,394
227,415
225,419
225,394
227,377
227,382
225,388
225,421
225,405
227,392
225,378
225,389
225,406
225,417
225,392
225,392
227,376
228,389
225,410
225,408
227,387
225,388
226,393
225,403
225,429
226,377
225,396
225,393
226,389
226,406
226,428
225,380
226,392
225,379
227,388
225,433
225,387
225,377
226,376
225,377
226,414
225,450
225,394
225,388
227,391
225,387
226,410
225,406
225,388
227,380
225,413
225,387
225,421
225,466
225,396
225,388
225,378
225,411
225,399
225,394
225,380
225,393
225,381
226,419
226,399
225,392
227,388
225,392
226,394
225,387
225,403
226,414
225,433
225,377
225,397
227,394
225,388
226,446
225,414
227,382
225,389
225,382
227,393
225,416
225,394
225,394
225,385
225,378
227,398
225,405
227,391
225,393
228,377
225,376
226,389
225,416
227,387
225,391
225,389
225,383
226,390
225,422
225,390
227,417
225,394
225,394
226,393
225,379
225,401
225,398
225,419
225,419
225,392
227,390
225,407
225,413
225,418
225,388
225,388
225,382
225,415
225,406
227,394
225,380
225,396
227,384
225,387
227,397
225,402
226,420
225,377
227,382
225,401
225,389
225,405
225,405
227,388
225,396
225,390
226,378
225,409
225,404
225,392
225,376
226,377
227,381
225,388
225,417
225,388
227,377
225,381
225,394
225,394
225,420
226,431
225,382
225,420
225,389
225,421
225,388
225,380
226,389
226,396
225,389
225,424
226,414
225,381
225,387
225,383
225,442
227,415
225,376
227,377
226,399
225,397
225,429
225,420
228,378
225,377
225,377
226,431
225,407
227,378
227,379
227,409
225,376
225,417
226,391
226,389
225,396
225,383
226,403
225,446
225,409
225,376
226,394
227,406
225,395
225,399
226,442
225,419
225,380
225,388
232,384
225,389
225,417
225,376
226,381
225,388
225,393
225,380
225,400
225,407
228,394
225,384
225,395
226,403
225,411
225,430
226,377
225,385
226,389
225,395
225,447
225,432
225,376
226,389
225,395
225,405
225,495
225,378
225,398
225,404
225,393
225,440
227,401
225,378
225,377
225,389
227,417
225,427
225,394
229,384
225,386
225,401
225,430
226,400
225,387
225,387
227,379
225,388
225,480
227,404
226,392
225,376
225,393
225,472
225,394
225,393
225,408
225,392
225,406
225,391
226,389
225,378
225,383
225,410
225,402
225,429
225,377
225,378
227,378
225,389
225,492
225,402
227,377
226,377
229,392
225,413
225,405
225,389
227,394
226,383
227,388
225,416
225,429
227,388
225,389
225,396
226,394
225,432
225,428
225,380
225,387
225,378
228,387
225,422
225,400
225,387
225,392
226,382
225,389
225,419
225,420
225,388
225,377
226,378
227,389
225,417
225,399
227,392
225,377
225,389
226,398
227,425
225,402
225,377
225,401
226,392
225,400
225,405
225,392
225,388
225,392
225,382
225,390
227,421
225,418
225,388
225,393
227,423
225,389
225,416
228,407
225,379
225,381
225,395
225,420
225,423
226,394
225,393
225,401
225,405
227,406
225,405
225,400
227,388
227,395
225,382
225,437
225,400
225,397
225,404
227,379
225,410
225,405
225,389
225,393
226,382
225,394
225,420
225,402
225,389
225,388
225,393
225,379
227,415
225,404
227,377
228,403
227,401
225,398
225,424
225,418
228,377
225,378
225,379
225,393
225,405
227,419
225,378
225,393
225,407
226,393
226,413
227,430
225,376
225,377
225,390
225,379
227,410
225,403
225,389
225,404
227,376
225,394
226,405
227,421
225,390
225,395
226,380
225,389
225,410
225,403
225,388
225,397
225,393
226,388
226,419
225,403
225,394
225,388
226,379
226,411
225,403
225,394
227,390
225,394
225,388
225,416
225,494
225,377
227,378
226,389
227,394
225,408
225,469
225,393
225,377
226,392
225,393
228,447
225,392
225,378
225,382
225,389
225,380
225,417
225,377
225,389
227,393
225,380
226,389
225,404
227,409
225,390
225,393
225,384
225,390
225,446
226,399
225,377
225,379
225,378
227,402
225,473
226,388
228,376
225,388
226,446
225,404
225,393
225,376
228,394
226,392
225,405
225,401
227,394
225,393
227,390
225,396
225,394
225,417
225,420
225,392
225,377
225,395
225,394
225,378
225,417
225,405
225,376
225,401
225,388
227,416
225,414
225,377
225,396
225,394
227,389
225,415
225,393
225,388
225,403
225,394
225,399
225,478
225,376
225,377
225,377
227,392
225,447
225,391
225,393
225,377
229,392
225,388
225,415
225,403
225,378
227,388
226,385
225,388
227,408
225,444
225,376
227,391
225,377
225,379
225,393
225,494
225,376
227,378
225,387
225,388
227,416
225,418
225,393
225,384
225,387
225,388
225,420
226,403
225,376
225,392
225,392
225,396
225,412
225,403
227,394
225,377
225,394
227,395
225,406
225,419
225,380
227,389
225,406
225,384
225,416
225,453
225,378
227,391
227,392
227,379
226,417
225,421
225,379
225,391
225,383
225,388
225,396
225,430
225,379
225,388
226,376
225,381
227,436
225,402
226,381
225,391
225,393
225,383
225,417
225,391
225,377
225,377
226,387
225,414
225,404
225,389
226,377
226,384
225,394
227,385
225,381
225,417
225,399
225,379
225,388
225,396
225,390
225,398
227,405
226,404
227,388
227,377
225,394
227,383
225,422
225,403
225,377
225,387
225,382
225,387
225,405
225,433
225,377
225,390
225,394
226,393
226,406
225,419
225,389
225,379
225,394
225,380
226,420
225,387
225,377
225,392
225,381
225,388
225,415
225,402
227,389
225,378
225,395
225,384
225,402
227,419
227,376
225,392
225,393
225,383
225,411
225,442
225,378
225,391
225,394
225,384
225,438
227,405
225,376
225,390
226,392
225,382
225,411
225,407
225,377
225,388
225,382
225,411
227,393
225,379
226,397
225,390
225,396
225,396
225,419
226,379
225,393
225,398
225,384
225,439
225,406
225,388
225,376
225,385
225,390
227,415
225,404
227,377
225,392
225,393
225,383
225,412
225,393
225,378
225,392
225,394
226,383
227,442
225,393
225,377
225,396
225,392
228,395
225,396
227,431
225,379
225,392
225,388
227,376
225,416
225,402
227,389
225,377
226,377
225,393
225,383
226,468
225,392
225,390
225,412
227,394
225,405
225,400
226,377
229,377
227,389
226,394
225,420
227,418
225,376
226,379
225,393
225,427
225,387
225,378
226,378
225,383
225,393
225,411
225,393
225,388
225,377
226,392
225,401
225,412
225,403
225,378
226,379
225,408
225,392
225,436
225,394
225,390
225,396
227,398
225,416
226,407
225,388
225,385
225,395
226,403
226,416
226,415
225,378
225,378
225,378
226,384
225,406
225,415
226,379
225,390
227,393
225,420
225,477
226,392
225,388
226,377
225,378
225,377
226,407
225,402
225,376
225,381
226,388
225,407
225,477
225,399
225,376
226,377
227,382
225,389
226,413
225,431
225,387
225,388
225,384
225,388
225,408
225,415
225,379
225,393
225,393
225,406
225,400
225,382
225,389
227,377
225,393
225,418
225,387
225,377
227,378
225,378
226,388
225,412
226,421
225,377
225,396
226,387
225,379
227,411
225,415
225,382
227,390
225,394
225,395
225,444
225,403
225,382
225,397
225,383
226,395
226,387
225,378
225,381
227,394
225,395
225,416
227,414
225,393
227,377
225,384
226,388
228,408
225,403
225,387
225,394
227,395
225,401
225,467
226,376
225,380
225,393
225,383
227,389
225,400
225,432
225,389
225,389
226,396
225,393
225,422
226,497
225,393
225,378
225,377
226,391
225,419
227,419
228,376
225,391
225,402
227,396
225,416
225,430
226,381
226,390
225,396
225,380
226,390
225,414
225,494
225,377
225,378
227,393
225,389
225,439
227,415
225,377
225,379
227,393
225,382
225,422
227,403
226,380
225,393
225,387
225,398
225,432
225,404
228,376
225,379
225,392
225,398
225,415
225,403
225,395
225,378
227,393
225,382
225,419
225,414
225,382
226,393
225,378
226,393
225,393
225,414
226,379
225,389
227,376
225,377
225,417
227,403
225,381
225,390
225,377
225,378
225,442
225,392
225,395
226,378
225,394
227,394
225,417
225,393
226,379
226,393
227,376
225,429
227,405
226,376
225,378
227,395
225,392
225,415
225,393
227,381
225,394
225,393
226,393
225,415
225,407
227,381
225,397
227,395
225,393
225,446
226,419
225,379
227,388
225,381
225,425
226,403
226,380
227,393
225,394
225,380
225,420
225,420
225,376
227,378
225,378
225,394
226,442
225,406
225,394
225,377
226,394
225,393
227,417
225,431
229,378
225,379
225,394
225,383
225,477
225,394
225,380
227,388
226,393
225,411
227,402
225,389
225,378
225,394
227,395
227,426
227,419
225,392
225,378
225,406
225,393
225,393
225,403
225,404
225,380
226,390
225,404
225,411
225,404
225,380
226,395
225,398
225,390
227,422
225,393
225,376
225,383
225,389
225,393
225,417
225,391
225,376
225,377
226,381
225,416
225,409
225,381
225,389
225,402
225,398
228,414
225,381
225,394
225,377
225,393
225,393
227,429
225,379
225,395
225,377
225,378
225,404
227,418
225,394
225,378
225,382
227,390
225,411
226,404
225,378
227,379
225,377
226,379
225,418
226,406
225,378
227,377
225,393
225,393
225,396
225,429
225,419
227,409
225,383
225,420
225,376
225,379
225,393
227,392
225,393
227,431
225,388
225,381
225,394
227,403
226,395
227,424
225,450
225,379
225,388
225,378
227,392
225,417
226,406
225,392
225,379
227,394
225,376
225,408
225,419
227,394
226,377
225,393
225,394
225,396
225,416
227,379
225,406
225,390
225,410
226,415
225,401
226,377
225,382
225,394
225,406
225,416
226,396
225,392
227,399
227,388
225,382
227,413
225,415
225,380
227,388
225,393
225,395
226,393
225,458
225,429
225,387
225,382
225,390
225,393
225,405
225,415
225,377
225,378
225,386
227,389
226,411
227,494
225,376
225,379
225,395
225,392
225,436
227,410
225,377
225,378
226,393
225,385
225,432
227,390
227,393
225,388
225,393
225,418
225,391
226,392
228,396
225,389
225,383
226,416
227,387
225,382
225,393
225,384
226,407
225,417
225,376
225,377
226,384
225,402
225,436
225,403
225,419
225,378
225,382
225,389
225,380
225,420
225,404
227,376
225,380
225,403
225,398
225,403
225,405
225,377
225,394
225,394
225,396
225,422
225,400
225,377
225,379
225,390
225,401
227,387
227,393
225,377
225,390
227,380
226,417
225,390
225,393
225,376
225,377
225,392
227,416
225,404
225,377
225,378
227,393
225,393
226,402
225,469
225,377
225,381
225,404
227,394
225,416
225,407
225,377
225,381
225,376
227,377
226,434
225,404
225,379
225,406
227,397
225,395
225,410
226,394
227,394
225,393
225,394
225,394
227,413
225,400
225,377
225,394
226,406
225,405
225,400
225,380
225,397
225,388
225,395
227,401
225,378
227,378
225,377
226,389
225,387
225,434
225,377
226,381
225,388
226,396
226,417
226,377
225,379
226,378
227,381
225,388
225,399
227,403
225,381
225,387
226,376
227,400
225,389
225,381
225,389
227,393
225,396
226,434
225,404
225,376
225,380
225,388
225,379
225,412
227,377
225,381
225,389
225,389
225,380
225,393
225,441
225,402
225,377
225,380
225,387
226,402
225,399
225,396
225,389
225,379
225,388
225,410
225,383
225,394
225,378
225,379
227,385
225,394
225,416
225,395
225,391
225,392
225,393
226,401
225,429
225,378
225,381
225,388
225,396
225,406
226,402
227,380
225,393
225,377
226,388
225,438
225,377
225,378
226,396
226,383
225,391
225,416
226,391
225,395
225,377
227,388
225,381
225,449
225,403
227,379
227,392
225,391
225,384
225,407
225,418
225,379
225,393
225,379
225,389
225,420
226,405
225,376
225,382
228,404
227,380
226,421
225,506
227,393
226,407
225,394
226,401
227,388
225,454
225,381
226,392
225,382
225,391
225,410
225,395
225,394
225,391
226,393
225,393
225,420
225,408
225,377
225,391
225,394
227,442
225,387
226,377
225,377
225,388
225,390
227,411
225,393
225,377
225,383
226,400
225,403
227,406
225,404
225,377
225,381
226,405
225,378
225,378
227,418
226,390
225,393
225,376
225,403
227,388
225,419
225,405
225,378
226,388
225,412
226,395
225,396
225,494
225,377
227,395
225,412
225,393
225,417
225,391
225,379
226,376
225,383
225,395
225,442
225,393
225,378
226,384
225,389
225,421
225,401
225,380
226,389
225,397
225,395
225,419
225,402
225,377
225,402
225,380
225,388
226,404
225,437
225,379
225,382
225,394
227,395
225,413
226,415
225,381
225,392
225,379
225,378
226,443
227,409
225,377
227,391
225,388
227,401
226,427
225,380
225,394
225,395
227,381
226,426
225,421
225,377
225,389
225,384
226,416
225,429
225,380
227,408
225,379
231,390
225,402
225,431
225,380
225,394
227,389
228,394
227,407
225,428
225,377
226,378
225,380
225,393
225,393
225,429
225,376
225,380
225,394
225,387
225,416
225,404
225,378
225,376
225,388
225,432
225,404
225,377
225,380
225,393
225,379
225,416
226,376
225,378
226,379
225,376
227,437
225,387
227,378
225,377
227,382
227,388
225,402
225,405
225,393
225,377
225,393
225,393
225,410
225,388
225,378
225,378
225,384
225,389
226,409
225,494
227,376
226,381
225,388
225,376
225,411
225,476
226,387
227,376
225,377
225,378
225,441
227,402
225,377
227,395
225,402
225,426
225,403
225,379
225,393
225,393
225,392
225,415
225,403
225,393
227,394
225,380
227,390
225,425
225,400
225,379
225,392
226,393
226,392
225,415
225,400
225,377
225,380
225,394
225,380
228,447
225,403
225,379
225,395
225,380
227,394
225,405
227,392
225,378
226,385
225,400
226,401
225,406
225,395
227,393
225,377
225,377
225,388
225,421
225,402
225,378
225,379
225,388
227,388
225,395
225,432
225,395
226,387
227,400
225,384
225,395
226,400
225,389
225,390
227,391
225,393
225,403
225,409
225,377
225,379
225,380
225,379
225,409
226,392
225,388
226,376
225,379
226,388
225,402
225,429
225,378
225,388
227,407
225,401
225,404
227,415
225,378
227,384
225,388
225,378
225,409
225,399
225,383
225,387
225,392
225,379
227,413
227,405
225,394
225,376
225,379
225,402
225,399
225,393
226,379
225,389
226,384
225,446
227,394
225,392
225,376
226,391
225,388
227,420
225,405
227,377
227,381
226,393
225,394
225,442
225,392
225,377
225,380
225,388
225,393
225,411
225,403
225,388
225,390
225,388
225,380
225,417
227,391
225,380
225,394
225,376
225,408
225,434
225,380
228,388
225,388
226,407
225,429
225,377
227,379
225,392
225,379
225,415
225,387
228,381
226,393
225,394
225,394
225,420
225,440
225,379
225,402
227,401
227,401
225,400
225,494
225,377
225,381
225,394
225,395
225,446
225,428
225,376
225,377
225,384
226,394
227,379
225,412
227,393
225,381
225,396
225,389
226,401
225,405
225,408
225,377
225,377
225,380
240,387
227,425
226,400
225,377
227,393
225,391
225,394
226,405
225,404
225,379
225,393
225,377
226,407
225,467
225,403
225,376
228,376
225,381
227,392
225,426
225,377
225,377
225,380
225,383
226,395
225,399
225,380
226,395
227,385
227,392
226,440
225,400
225,393
225,379
225,395
225,393
225,417
227,393
226,377
226,378
225,395
227,393
225,393
227,429
225,376
225,380
225,392
225,394
225,390
225,388
225,377
225,380
225,378
225,397
227,424
227,403
225,393
225,377
225,392
225,383
225,393
227,376
227,376
225,380
225,392
225,376
226,382
225,392
225,376
225,378
226,379
225,392
225,377
226,379
225,393
226,381
225,392
225,376
225,381
227,394
225,376
225,379
225,394
226,376
227,395
225,394
225,379
225,392
226,376
225,390
225,393
225,380
225,393
225,376
227,392
225,376
225,382
225,393
225,392
225,376
225,379
225,392
227,379
225,393
225,376
225,380
225,393
225,376
225,379
225,392
225,379
227,395
225,376
225,394
227,379
225,389
225,408
225,420
225,383
225,388
225,394
225,436
225,404
225,377
227,377
225,379
225,408
225,407
227,400
227,380
225,395
225,389
225,381
225,395
227,431
227,394
228,380
225,393
227,382
225,415
225,470
225,377
225,377
225,408
225,388
225,406
225,404
225,378
225,394
227,379
225,393
226,415
225,405
225,380
225,394
225,394
226,394
225,422
226,404
225,379
227,390
226,380
225,388
227,394
225,400
226,379
225,394
225,391
225,411
225,425
226,377
225,392
225,376
225,380
225,415
225,414
226,383
225,393
225,380
226,388
225,401
225,452
227,380
225,389
225,388
225,397
225,405
225,389
225,377
225,377
225,394
225,394
228,420
225,399
225,376
227,377
225,377
225,395
225,414
225,383
225,394
225,380
225,403
225,408
225,408
227,379
225,394
226,388
227,395
225,444
227,394
227,377
225,393
226,388
225,392
225,449
225,388
226,377
225,396
226,403
225,418
225,402
225,388
225,393
226,393
225,423
225,405
225,388
225,389
225,380
225,389
225,416
227,389
225,379
225,386
225,386
225,417
225,400
226,380
225,394
225,394
226,381
225,414
225,400
225,377
225,382
225,394
225,397
227,417
227,388
227,377
226,404
225,394
225,415
226,403
225,379
225,397
226,389
227,383
225,393
225,388
225,468
225,377
226,382
225,393
226,393
225,411
225,429
225,393
225,388
225,380
227,377
225,400
225,415
226,377
226,386
225,385
225,402
225,410
225,407
226,385
225,380
225,398
225,378
227,408
225,491
228,403
227,377
225,389
225,393
227,408
225,420
225,392
225,377
226,393
225,410
227,405
225,376
225,398
226,380
225,388
225,382
225,428
225,388
225,380
225,396
225,378
225,396
225,427
225,407
225,378
225,381
225,393
225,396
225,416
225,396
226,388
225,402
225,395
225,420
227,415
225,376
225,377
225,381
225,388
226,405
225,429
225,377
225,383
225,393
226,377
225,380
225,393
225,425
225,426
227,403
225,379
225,407
225,393
225,405
227,427
227,390
225,393
225,390
225,397
225,407
226,408
225,400
225,379
225,406
225,390
225,377
226,422
227,403
226,393
225,377
227,387
225,381
228,416
225,392
225,380
225,388
225,383
225,394
225,408
225,415
225,378
225,383
225,388
227,384
225,394
227,408
226,400
225,376
226,380
225,395
225,377
226,416
225,429
227,379
225,393
225,378
225,379
225,416
225,405
226,392
225,381
225,393
225,380
225,407
225,418
225,379
225,394
225,382
225,388
227,416
225,404
225,377
225,377
225,392
225,395
225,385
225,417
225,402
227,380
225,392
227,384
226,397
225,405
225,404
226,377
225,380
229,387
226,380
226,476
225,393
227,392
227,378
225,407
225,393
225,416
225,414
225,382
225,394
225,381
225,391
225,396
225,392
225,377
226,378
225,391
227,395
225,404
225,392
225,382
225,392
225,393
225,393
226,435
225,400
225,381
225,407
226,393
225,382
225,392
225,407
225,402
225,431
227,379
225,397
225,399
225,405
225,416
225,403
225,381
225,388
225,393
225,445
225,420
225,376
225,376
225,393
225,382
225,411
225,404
225,379
227,381
225,389
225,380
225,422
225,419
225,379
225,393
229,381
227,388
227,421
225,389
225,380
225,394
225,395
227,394
227,436
225,420
225,376
225,377
225,392
225,390
225,413
225,401
225,383
225,394
226,383
225,393
225,405
225,377
225,381
225,398
225,385
225,385
225,432
227,392
225,377
225,388
225,380
225,422
225,400
225,379
225,388
225,395
225,417
225,391
227,387
225,405
227,407
225,488
225,418
225,380
225,387
225,383
225,399
225,400
226,392
225,394
225,395
226,394
225,402
225,394
225,388
225,389
225,380
225,417
226,394
225,388
228,392
227,407
225,401
225,388
225,407
225,391
225,388
225,392
225,376
226,403
226,402
225,403
225,377
225,380
227,401
226,416
225,430
225,381
225,396
225,394
225,394
225,412
225,415
226,377
225,379
225,388
227,437
226,427
226,378
225,381
225,387
225,420
225,416
225,419
225,381
226,389
225,388
225,384
226,401
227,453
227,381
225,390
227,391
225,408
226,418
226,392
227,388
225,389
225,389
227,397
225,389
225,380
225,387
225,384
225,388
225,417
227,418
225,388
226,409
227,393
225,405
225,400
225,378
225,378
225,391
225,393
225,407
225,411
225,393
225,387
225,382
225,437
225,403
226,393
225,389
225,385
225,389
225,407
225,407
225,380
225,393
225,393
225,398
225,418
225,377
225,404
225,396
225,442
225,399
225,379
225,401
225,393
226,415
226,391
225,394
225,389
225,395
225,408
225,420
225,400
225,387
225,376
225,391
225,427
227,432
225,377
228,388
225,394
225,379
225,416
225,403
225,394
225,385
225,394
225,378
225,410
225,406
225,392
225,388
225,392
227,388
225,408
227,414
225,379
225,389
225,382
226,410
225,429
225,377
225,381
225,388
227,385
225,413
225,405
225,388
226,395
226,405
225,392
225,400
225,410
225,382
225,392
227,380
225,390
225,413
225,444
225,380
227,396
225,385
228,386
226,406
225,399
225,379
227,392
225,382
227,393
225,405
227,404
227,380
225,387
225,388
225,383
225,410
225,419
225,377
226,394
225,394
225,393
225,406
226,377
225,378
226,382
225,405
225,425
226,400
225,380
225,395
225,381
225,401
227,417
226,399
225,388
225,385
225,402
227,400
225,431
225,391
225,380
225,392
227,388
225,392
225,417
225,401
225,376
225,377
226,383
225,394
225,392
225,405
225,399
227,377
225,392
226,397
225,383
225,401
225,402
225,380
225,392
225,380
225,402
225,407
227,420
226,394
225,376
225,387
227,392
225,390
225,420
228,380
227,394
225,381
225,394
225,421
225,393
228,388
227,379
225,393
225,385
226,420
225,400
225,379
227,392
225,379
225,390
225,405
225,400
226,380
227,388
225,378
225,388
225,407
225,409
225,388
225,376
225,390
227,392
225,406
225,403
227,388
225,384
225,389
225,443
225,404
225,378
225,379
227,380
225,402
225,403
225,379
225,379
225,387
226,389
225,426
227,494
225,379
225,388
227,378
225,378
225,410
225,419
227,377
225,381
225,394
225,393
225,418
225,430
227,377
225,392
225,403
225,389
226,418
225,393
225,381
225,389
225,392
225,415
225,431
225,377
228,397
226,383
225,392
225,420
225,444
225,376
225,393
225,393
225,420
225,419
225,377
225,391
225,392
225,415
227,404
225,380
225,394
225,380
225,394
226,416
226,393
225,380
225,398
225,400
226,400
225,400
225,377
227,378
225,399
225,390
225,411
225,404
231,391
225,406
228,408
225,406
227,420
225,414
226,377
225,380
225,396
227,381
225,421
227,419
227,377
225,387
225,393
225,408
225,406
225,469
225,377
225,380
226,392
226,378
225,420
226,446
225,393
227,394
225,377
225,380
227,402
225,466
225,377
225,379
225,398
226,388
225,411
227,399
225,379
225,394
225,377
225,395
225,420
225,407
226,380
225,389
226,377
225,382
225,421
226,400
225,379
225,392
225,380
228,394
225,432
228,388
225,382
225,393
225,379
225,388
225,404
225,403
227,377
225,380
225,390
225,393
225,417
225,389
225,377
225,377
225,382
225,388
225,431
227,430
225,378
225,381
227,394
226,393
227,431
225,415
225,383
225,394
225,381
225,388
225,417
225,405
225,376
226,379
225,380
225,394
225,422
227,429
225,380
225,394
225,393
225,393
225,405
227,429
225,377
225,381
225,395
225,394
226,384
227,427
227,389
225,377
225,376
225,377
226,380
225,413
225,419
226,377
226,381
225,394
225,378
227,410
225,403
225,378
