noop,ycall
1420,7698
510,587
377,376
372,376
379,375
374,382
375,400
375,380
376,376
379,380
377,375
374,384
374,403
428,374
373,373
377,375
373,385
375,381
373,382
370,383
430,379
361,368
373,385
373,389
373,388
375,374
369,378
384,379
419,382
365,406
362,395
375,371
368,373
381,379
370,368
372,379
370,373
371,370
367,372
367,402
380,390
368,371
370,385
370,373
368,378
367,397
377,402
372,397
420,369
367,377
369,389
371,397
374,394
381,389
380,377
370,384
366,374
366,389
376,379
382,373
373,379
363,386
379,381
369,386
369,381
370,378
370,402
368,374
421,401
369,368
374,376
365,382
369,382
371,383
373,378
376,372
377,373
378,393
371,386
371,373
376,390
376,377
377,372
375,409
372,375
370,386
372,381
370,381
434,377
373,397
367,378
372,371
370,371
364,377
368,387
373,369
367,371
371,375
374,396
372,379
373,391
376,375
371,380
369,382
378,379
372,375
371,382
368,373
424,388
377,392
369,379
362,369
370,382
371,375
366,396
375,373
367,371
367,376
384,394
384,378
392,390
382,400
382,379
381,380
367,378
378,379
380,404
373,395
377,375
374,375
377,373
375,378
364,371
366,374
383,380
378,375
368,370
367,371
367,375
367,369
380,376
380,376
366,378
378,387
374,371
379,376
378,369
382,371
377,383
380,427
375,369
366,377
370,380
374,379
377,375
381,369
370,371
370,372
363,377
371,382
378,375
369,373
370,378
373,375
369,380
371,374
371,371
370,374
385,421
378,374
378,378
368,371
373,382
382,378
422,384
372,376
375,379
366,370
368,375
373,369
376,382
366,380
366,369
378,374
379,377
365,378
370,386
376,429
367,372
366,379
371,378
377,378
381,374
376,373
376,371
372,372
402,373
369,370
376,386
376,397
378,378
378,369
369,369
372,381
372,396
382,381
367,387
393,433
391,388
369,372
382,375
376,372
396,370
378,376
365,379
360,373
375,377
373,373
402,397
364,395
373,376
402,380
393,379
384,377
400,379
396,376
364,397
365,372
365,384
369,375
372,371
381,404
369,369
371,379
379,380
366,377
369,400
377,379
375,372
377,371
377,375
380,395
379,388
380,382
367,376
381,370
376,381
375,376
366,398
401,376
404,369
367,378
372,372
376,395
379,370
370,379
361,371
402,371
368,379
372,371
365,382
375,385
404,398
393,378
427,377
372,371
371,399
375,385
369,371
377,381
398,379
386,391
376,369
379,362
399,380
380,370
400,406
400,368
366,378
370,365
361,396
362,376
382,371
372,374
369,376
371,398
371,372
375,379
375,379
410,388
398,399
366,375
374,374
364,408
373,372
398,376
399,383
375,394
393,380
378,376
373,376
369,382
376,368
371,378
367,369
408,381
392,379
373,377
361,375
367,375
368,376
395,381
393,387
379,378
374,383
388,380
381,383
412,383
367,379
381,376
375,367
369,389
373,390
369,405
372,375
394,379
369,382
395,400
396,396
363,378
376,385
367,372
377,379
377,382
374,378
376,376
377,372
378,379
380,383
369,396
367,376
380,374
377,377
402,399
392,380
365,377
370,368
376,379
386,405
372,394
364,375
367,403
406,378
372,375
369,380
374,395
401,392
368,388
364,368
374,379
373,386
392,390
376,368
377,372
366,368
380,381
383,386
365,377
375,378
381,377
375,394
378,411
385,395
378,386
369,376
381,369
369,392
382,386
375,379
392,383
371,374
365,376
372,370
377,380
383,394
365,379
377,368
371,368
368,375
367,376
369,380
371,379
369,385
376,380
398,374
376,399
391,371
366,383
369,372
375,396
377,374
366,376
380,381
384,372
374,377
401,408
368,383
367,373
377,376
374,378
402,401
370,381
370,406
368,381
376,372
369,388
378,389
391,382
367,391
369,372
373,368
375,372
383,373
392,407
367,406
377,374
373,386
389,371
368,379
368,373
367,381
364,366
403,368
401,368
392,375
362,378
368,375
373,362
389,370
401,371
383,396
360,397
374,387
365,373
414,368
371,376
376,393
403,389
383,399
404,368
386,374
395,374
364,375
367,371
377,395
376,375
369,373
363,382
377,385
371,386
371,390
363,367
367,368
372,376
372,381
374,373
368,373
379,373
366,376
378,393
364,385
387,373
381,369
375,374
373,399
375,376
371,366
363,369
391,363
369,408
371,383
377,368
374,380
422,371
374,369
376,373
393,374
368,378
386,372
372,382
366,373
375,401
370,389
375,407
407,377
427,377
366,379
369,398
375,389
383,384
400,376
381,377
394,381
374,382
379,385
399,382
372,375
398,374
376,374
378,369
367,381
366,373
375,381
376,391
367,403
374,378
375,377
373,381
377,372
379,403
402,376
380,383
368,381
370,389
380,378
379,390
399,376
368,382
385,370
368,385
369,442
400,374
376,375
369,373
376,382
382,383
378,381
403,380
379,379
376,374
372,387
379,394
381,375
399,383
366,384
370,389
371,387
364,402
405,390
395,391
385,373
377,365
374,386
378,384
389,378
373,373
370,365
378,399
408,380
372,372
371,383
376,377
386,375
383,380
377,386
376,374
372,380
383,380
398,376
374,373
375,370
370,380
389,376
380,386
398,385
367,376
367,368
369,381
386,385
384,382
394,377
370,378
378,383
376,376
379,395
370,382
395,378
370,391
373,374
366,383
386,381
409,383
372,372
386,385
368,398
363,383
384,381
380,385
364,391
369,378
372,385
372,387
398,387
370,379
364,386
400,381
422,379
374,391
373,374
374,383
374,390
380,381
376,374
374,378
383,373
374,377
405,388
383,398
384,380
369,380
398,388
372,380
367,384
376,378
370,370
371,376
375,402
389,388
406,377
373,379
379,398
373,375
408,391
376,379
402,381
395,375
366,381
374,381
379,395
407,385
375,378
377,400
379,384
377,373
377,377
372,380
369,385
373,388
376,385
384,377
376,383
379,376
378,384
374,377
375,377
374,381
381,379
401,382
379,410
372,461
371,371
369,378
379,386
411,393
372,383
373,371
372,379
370,400
372,394
377,378
401,376
373,375
374,382
370,378
371,371
372,372
398,371
372,376
376,371
371,375
375,392
380,387
395,400
378,370
376,370
375,371
369,378
376,384
393,391
401,381
392,370
374,376
374,371
378,380
395,388
381,379
367,377
380,375
378,375
370,380
389,379
400,407
365,376
376,379
430,381
380,383
396,388
371,387
373,394
375,389
372,406
379,376
421,372
407,377
377,397
376,378
370,399
374,374
375,377
370,374
376,399
377,398
364,408
370,382
368,377
364,385
381,398
368,375
369,402
375,394
368,382
376,377
371,400
368,379
375,375
368,382
367,373
385,378
377,389
371,386
390,372
364,376
370,380
372,385
390,384
366,377
377,363
372,374
382,377
373,382
377,374
375,381
370,402
376,385
377,370
387,372
391,376
418,403
378,380
374,374
367,373
382,372
369,375
369,378
372,373
366,370
360,368
369,371
380,380
404,375
376,400
390,383
366,379
375,376
378,382
362,379
400,371
367,377
367,374
376,381
382,384
404,371
372,379
370,367
379,385
426,404
374,387
376,374
378,380
381,375
370,383
378,379
419,395
369,381
380,373
374,371
368,374
379,381
364,393
378,375
380,378
381,396
373,382
379,373
380,380
376,376
380,373
378,376
401,378
370,381
381,383
435,400
383,400
378,376
381,376
374,380
370,385
361,398
372,371
367,371
364,394
367,371
399,368
378,405
370,398
397,377
364,396
393,371
379,406
374,376
401,380
390,377
365,367
368,380
391,383
402,402
373,378
418,369
363,378
373,366
373,390
375,381
427,370
367,366
363,380
367,380
373,393
371,388
377,381
372,383
385,380
372,376
380,364
396,373
366,370
364,394
372,404
379,387
402,378
373,386
377,377
381,393
382,376
370,380
370,373
370,378
376,375
367,384
374,416
365,381
360,374
372,382
379,379
370,367
367,402
369,386
385,380
372,381
408,374
373,375
379,372
369,378
400,377
399,393
386,381
378,374
372,371
374,376
374,380
372,399
376,410
382,388
364,371
376,381
362,388
374,382
409,374
377,377
390,374
369,376
364,398
394,395
364,382
367,379
376,373
416,380
369,387
369,404
381,414
378,391
400,373
390,371
372,370
396,385
387,374
377,381
400,371
367,373
369,370
374,378
382,377
396,379
375,373
378,373
373,373
377,385
401,369
376,369
366,371
369,381
369,371
374,372
373,377
375,368
369,375
367,391
370,376
391,393
372,392
368,378
368,386
376,380
411,379
361,399
373,367
379,381
365,372
371,396
368,406
367,370
376,375
375,388
377,374
366,386
369,376
367,390
370,381
393,377
373,403
422,383
360,378
369,396
374,385
374,383
366,398
373,379
369,383
366,382
366,387
375,400
371,377
369,389
372,371
377,360
372,398
372,397
364,392
369,379
380,378
365,379
375,376
377,381
370,383
399,382
377,378
369,395
378,387
372,407
367,379
365,384
392,372
374,387
366,386
377,376
375,403
390,382
366,382
373,401
375,387
371,387
395,382
375,376
379,367
367,400
394,382
379,379
412,383
393,372
368,370
368,374
403,379
371,376
390,370
370,364
370,391
365,395
366,381
373,370
373,381
379,369
367,399
370,380
369,370
368,379
365,373
386,371
367,374
367,385
379,372
393,378
424,388
372,390
378,411
371,405
377,375
399,381
368,382
368,394
371,395
367,400
381,378
370,371
368,384
372,390
380,393
361,387
374,392
401,388
377,387
373,386
394,384
374,382
376,374
387,372
386,400
395,382
401,376
371,380
373,374
383,371
369,374
404,387
400,375
366,381
369,398
377,374
364,379
385,391
364,371
364,374
364,409
368,384
392,367
365,367
379,373
395,401
414,382
374,385
383,380
394,397
381,382
372,386
377,377
389,398
395,394
385,386
370,379
377,388
372,386
382,380
379,385
373,385
373,380
368,400
381,395
386,400
375,374
373,385
367,382
375,392
376,367
375,379
370,371
375,373
367,374
376,385
379,390
365,379
365,383
366,383
376,394
385,384
395,391
366,382
366,382
378,392
367,388
401,383
373,384
373,388
375,394
409,374
424,372
368,371
375,378
376,396
382,376
385,376
416,372
367,376
365,386
373,375
366,395
368,368
372,381
394,375
370,394
373,431
373,375
363,374
370,373
392,378
379,387
371,384
372,379
366,375
370,392
381,381
372,394
394,370
370,366
365,387
379,378
370,386
394,375
364,382
378,376
375,377
385,379
368,381
381,373
390,393
372,385
376,381
403,384
376,370
377,383
381,390
377,376
377,403
366,400
367,377
382,377
391,381
393,397
369,369
372,378
382,372
400,370
375,376
366,385
392,380
366,380
370,369
363,374
369,396
375,401
365,369
379,370
408,380
400,397
384,389
366,389
392,385
370,373
386,399
374,395
374,373
374,392
409,373
379,371
387,374
428,401
370,373
372,377
374,385
378,378
366,388
438,382
366,379
367,421
369,376
373,383
424,373
405,388
388,376
374,373
382,395
377,382
377,381
367,393
380,372
383,378
377,376
405,372
397,399
367,381
371,370
378,368
400,370
366,400
371,368
386,376
377,370
374,373
401,381
378,383
369,374
378,377
366,375
379,402
371,381
373,390
364,374
374,379
378,404
370,373
379,395
396,376
366,373
372,377
375,400
375,382
386,399
370,377
368,377
419,397
364,395
379,407
373,392
362,382
369,380
375,398
369,387
367,386
375,382
388,388
366,374
374,370
369,394
369,370
379,370
371,372
378,380
375,390
372,378
374,382
379,391
373,395
377,379
376,377
374,371
377,376
379,394
380,371
381,406
373,373
374,373
372,371
374,401
388,397
389,386
372,376
380,376
370,374
376,398
376,381
398,384
369,376
441,381
371,374
373,381
375,380
374,373
373,378
392,385
377,402
371,382
377,386
370,380
374,392
379,383
382,378
400,377
372,382
373,399
378,400
382,383
392,380
369,388
376,387
387,397
370,376
369,391
380,368
404,382
389,399
373,383
372,391
378,380
376,376
372,402
373,406
373,370
375,371
372,370
372,396
388,381
377,381
376,373
377,376
366,392
378,396
369,388
363,377
362,375
389,370
377,381
373,397
379,375
377,378
378,454
408,393
395,384
389,398
368,377
365,375
409,388
372,394
374,383
373,377
379,370
372,385
364,377
418,380
409,369
375,377
378,373
368,394
381,372
378,388
398,376
394,387
401,373
382,384
366,384
373,373
366,374
377,379
392,381
399,395
377,385
380,380
390,368
375,376
379,401
374,394
373,378
374,378
374,384
399,388
370,381
382,376
367,388
374,371
371,371
368,367
370,371
381,403
369,378
384,383
403,377
394,382
361,370
366,376
376,381
385,391
403,393
378,375
367,376
370,400
375,378
377,380
378,380
372,437
368,371
371,379
369,395
373,384
377,387
371,373
380,379
369,372
366,388
371,373
371,374
377,381
369,400
393,374
368,370
365,377
364,386
375,373
375,385
377,372
365,374
366,374
367,381
364,376
376,376
379,381
366,390
387,385
368,382
374,373
374,368
394,371
364,374
372,395
398,370
405,375
411,386
372,393
371,398
371,376
378,377
380,374
375,373
373,394
371,375
371,369
373,377
377,378
413,371
373,387
371,405
402,376
374,372
375,395
395,389
368,375
406,404
375,386
374,381
367,380
367,382
376,372
370,391
377,376
379,370
398,371
380,378
380,373
374,376
373,379
370,371
379,395
384,379
376,378
370,375
375,384
377,382
370,396
376,403
374,373
369,370
372,400
378,399
369,375
376,399
375,376
372,370
371,376
402,405
424,393
387,398
367,372
370,368
368,372
365,405
397,361
397,369
372,373
394,394
391,401
390,368
367,371
377,372
378,374
377,383
380,378
370,370
367,376
368,402
379,374
411,374
367,373
379,381
400,393
405,382
428,377
381,396
368,376
371,373
372,381
372,386
387,379
396,372
363,384
373,402
402,380
375,378
420,365
373,370
381,400
372,401
367,388
370,372
370,371
369,391
372,385
370,390
388,378
402,381
366,399
364,382
367,386
366,372
405,372
392,395
367,371
370,394
364,369
364,371
360,377
368,373
367,378
392,400
368,396
371,368
370,378
369,378
367,379
366,383
371,368
412,382
396,377
375,396
368,363
390,371
401,372
376,378
369,380
421,389
377,370
375,390
365,379
367,385
372,370
401,402
373,376
381,366
365,367
374,382
369,377
371,370
376,375
372,374
374,374
372,378
371,385
401,373
366,370
369,379
371,384
364,400
385,392
373,377
370,377
367,390
373,374
389,373
390,369
375,369
374,397
365,395
361,385
378,377
366,383
396,375
378,366
367,380
371,372
367,394
391,382
382,370
391,378
370,378
364,368
374,391
371,378
400,386
378,398
377,398
387,384
379,375
380,370
376,364
377,374
401,379
387,403
383,373
384,371
372,382
378,398
373,392
393,379
404,371
375,373
372,376
369,388
380,391
410,374
375,379
364,388
422,375
381,374
372,378
399,371
405,374
372,381
376,380
376,388
380,370
393,374
395,390
378,387
369,389
375,385
376,393
392,377
374,374
366,399
365,384
375,379
380,372
409,381
378,389
369,384
377,369
373,368
370,386
388,398
385,400
366,370
369,372
373,372
369,389
367,409
365,374
397,375
375,377
374,372
367,379
379,399
367,373
364,376
365,373
382,402
378,375
376,411
371,381
370,375
376,381
428,372
373,380
376,376
385,376
411,374
379,373
373,383
376,370
369,379
373,384
370,398
379,389
380,374
377,368
372,392
384,376
370,387
376,373
372,378
374,376
373,377
374,391
363,377
367,385
366,377
362,397
418,393
367,383
374,378
370,379
368,382
370,387
377,395
371,395
362,381
360,388
369,405
372,399
368,397
375,396
378,382
365,374
365,373
374,381
364,377
377,368
419,373
366,376
361,372
366,380
375,391
365,365
366,377
363,370
366,380
365,373
373,408
363,379
374,381
373,374
375,383
378,376
373,395
372,402
372,382
378,388
374,389
399,382
379,408
371,382
374,376
362,389
361,397
369,381
397,366
397,370
370,377
374,379
390,395
367,379
384,382
371,381
374,374
378,376
402,380
401,392
372,375
392,402
366,382
367,409
366,390
376,368
406,389
375,386
372,393
373,373
376,381
381,369
403,369
377,387
395,380
376,373
372,375
377,370
375,371
375,369
375,374
412,380
368,380
372,381
426,402
371,392
371,368
391,374
397,376
372,378
370,399
384,388
370,372
379,375
372,378
396,378
412,387
370,401
366,407
376,375
379,370
377,383
373,400
369,376
395,386
376,372
376,374
371,376
369,368
373,391
392,380
374,376
373,378
374,379
369,389
372,399
405,386
401,399
393,362
366,368
383,374
402,402
401,392
371,389
373,372
369,370
371,379
366,393
384,381
367,379
379,369
373,372
413,392
363,376
366,373
376,372
375,380
366,400
370,381
364,363
367,374
376,378
373,379
392,374
375,374
408,379
374,366
365,400
366,399
383,382
372,381
369,381
369,391
380,384
370,401
372,384
370,380
368,380
376,376
369,393
404,374
398,377
376,381
374,382
399,381
367,390
366,390
402,376
366,382
375,403
386,374
364,400
378,378
397,379
385,390
374,383
381,379
369,372
366,399
371,373
369,376
419,371
375,394
375,372
373,383
379,384
378,387
424,380
370,377
371,382
380,376
364,371
401,377
376,378
379,381
369,381
396,388
405,396
373,372
376,390
385,381
372,386
376,387
404,373
385,405
402,380
373,387
378,399
376,400
376,383
399,398
375,379
377,382
369,381
364,386
373,380
366,399
366,377
366,371
366,380
366,398
395,376
370,385
366,378
374,403
381,387
375,376
376,371
364,373
367,372
376,401
373,393
387,364
375,370
382,388
369,380
369,385
369,370
384,374
375,368
366,399
372,426
373,406
373,375
373,368
376,370
386,384
369,390
380,411
371,380
375,374
366,388
367,399
372,379
371,380
380,381
383,371
378,371
376,380
405,390
367,375
401,367
418,361
366,375
366,396
370,407
379,375
366,372
369,378
395,381
367,371
367,393
394,391
371,380
374,391
364,378
371,373
369,375
374,379
366,382
405,375
376,370
371,379
364,374
375,385
365,377
368,377
394,394
364,379
364,373
370,377
370,375
405,395
368,378
376,373
366,370
371,370
399,369
373,392
366,374
366,379
378,378
373,389
385,373
377,377
382,373
387,389
401,376
373,377
377,370
373,386
377,375
381,378
374,382
373,370
370,370
372,381
376,401
373,376
374,378
368,382
369,378
373,377
377,382
364,373
369,380
392,374
406,378
376,378
366,376
369,385
372,385
375,396
375,374
370,384
395,373
369,400
383,379
392,377
372,380
421,370
396,379
370,377
376,377
372,389
374,377
367,374
371,374
374,387
369,375
373,370
376,376
373,378
370,378
368,382
371,392
376,372
423,381
365,393
366,397
380,391
378,378
370,374
376,379
397,379
363,375
367,378
382,378
399,394
387,384
382,386
367,397
367,375
373,372
376,376
374,382
369,396
376,380
373,382
380,385
399,378
393,399
372,379
371,378
366,374
367,373
370,379
369,378
371,374
393,370
370,378
372,396
377,397
404,383
388,376
379,377
396,380
372,382
367,381
376,372
377,369
400,371
399,382
374,373
382,376
391,395
393,392
372,378
375,377
364,381
365,373
393,368
397,383
376,397
377,382
376,388
371,372
391,378
375,401
369,380
432,385
378,388
380,383
379,371
375,375
376,372
377,364
401,371
376,390
370,380
381,383
373,375
369,370
377,371
366,386
373,391
371,393
374,388
363,373
385,397
364,369
366,371
365,376
376,384
399,378
374,388
389,370
374,377
372,378
384,397
365,386
364,373
365,363
364,374
397,377
371,378
364,394
373,376
369,385
388,381
370,374
365,391
365,376
367,374
376,371
379,375
364,374
364,388
369,374
385,369
399,360
366,385
369,382
366,381
377,379
397,397
366,375
375,414
376,382
383,372
370,387
402,400
407,393
371,406
381,370
371,371
384,370
372,372
372,387
374,377
385,389
400,386
399,389
366,376
364,406
364,377
374,375
396,371
374,374
370,371
372,377
371,394
372,383
388,381
369,396
374,379
374,415
374,377
400,372
390,386
374,388
368,379
391,370
368,375
377,391
372,376
367,382
374,398
372,376
373,382
376,393
374,380
372,373
367,384
406,383
381,396
367,374
369,385
379,386
376,382
369,387
376,399
366,396
366,390
366,377
369,378
399,381
372,379
373,382
369,386
369,386
366,396
372,373
371,372
372,374
395,375
372,408
400,387
376,381
368,380
377,389
373,395
401,395
377,374
371,375
365,370
365,403
377,367
392,385
380,377
394,400
364,387
364,397
387,397
406,379
376,380
364,379
367,382
364,380
371,389
376,374
369,373
378,377
372,370
375,377
427,374
378,377
389,381
370,379
372,391
372,373
397,378
392,385
366,381
375,381
363,375
377,371
376,395
360,385
368,410
369,398
366,380
367,371
369,370
371,379
370,385
371,372
375,378
367,394
404,410
370,387
360,376
394,377
405,398
398,382
370,376
364,380
370,375
371,390
408,374
368,399
372,371
377,370
364,373
371,375
385,410
364,369
369,372
369,378
379,375
373,374
373,378
374,381
367,372
368,380
394,372
390,391
367,376
377,368
373,374
401,398
375,378
375,377
369,391
382,377
372,376
383,389
374,397
385,380
375,382
373,382
378,393
382,382
375,388
369,372
395,384
370,369
373,383
428,378
374,383
375,372
375,407
374,379
401,380
370,374
378,371
364,404
375,398
409,379
376,370
388,390
363,383
372,377
379,373
401,390
403,378
367,373
367,371
364,372
392,375
392,373
369,382
371,396
369,379
363,374
374,371
392,377
429,383
367,368
364,378
380,390
371,374
400,387
377,400
373,386
370,373
375,380
426,377
397,377
379,384
371,387
372,401
391,388
402,379
371,365
387,394
376,370
372,403
360,372
366,371
377,387
366,378
383,389
387,374
366,370
380,380
377,371
375,385
376,376
375,373
376,377
390,374
369,387
425,393
367,391
367,375
374,378
369,378
371,380
364,374
369,371
372,375
371,393
378,380
373,401
394,380
405,373
371,370
401,383
364,377
382,401
365,396
379,380
375,377
370,383
373,374
365,373
369,371
397,374
402,376
422,381
370,371
367,393
366,382
377,377
378,378
380,400
378,395
369,378
393,381
370,381
401,392
372,392
370,376
375,377
396,377
367,375
406,376
374,403
375,376
376,375
371,377
376,381
407,411
403,383
390,393
369,387
364,373
367,376
364,400
364,390
390,382
399,376
364,376
367,383
378,388
376,378
386,378
366,373
366,394
371,448
364,374
380,376
374,383
371,376
372,390
377,373
369,390
376,374
387,376
367,378
364,395
366,400
365,374
383,379
394,382
418,386
392,397
368,387
379,387
392,374
364,375
378,374
367,386
367,382
368,378
385,377
400,389
378,382
374,386
367,390
380,368
426,364
376,382
366,406
375,401
389,395
369,371
364,378
399,379
367,379
372,373
371,387
385,372
372,379
394,400
368,407
369,374
370,373
377,384
409,375
376,399
373,378
379,381
371,385
369,404
365,394
362,370
384,380
373,388
382,376
371,396
381,370
373,387
410,382
374,389
375,392
404,388
380,380
400,378
397,382
376,369
380,380
394,373
377,370
376,377
375,390
372,382
380,388
381,402
372,398
377,383
367,379
372,396
432,380
368,372
381,384
373,383
376,371
406,385
372,378
397,383
375,383
366,399
372,371
369,396
372,391
378,375
400,377
371,370
385,388
399,385
374,386
401,371
367,373
370,373
384,370
383,383
394,375
391,384
374,394
403,373
374,391
374,395
383,372
399,375
393,377
371,392
372,380
366,380
402,384
371,396
396,377
388,378
422,380
373,372
393,400
388,405
375,378
371,382
377,385
373,376
374,374
376,450
369,375
367,376
363,376
377,391
364,376
369,367
373,371
364,374
364,388
367,379
368,397
371,370
364,371
379,386
367,381
386,373
368,389
394,374
376,382
386,384
373,378
394,389
369,369
360,369
366,373
366,380
366,376
368,378
366,377
366,379
384,375
386,387
376,376
374,378
380,375
379,370
380,381
396,387
371,388
378,387
406,387
374,390
406,403
394,388
374,388
377,382
378,374
395,381
375,376
375,399
376,381
369,378
366,372
373,377
369,392
396,381
366,388
369,366
372,379
370,392
383,380
375,378
370,380
377,376
375,393
393,405
422,370
373,370
365,384
378,383
382,395
390,376
374,388
380,373
365,373
373,395
367,373
373,382
376,375
399,399
374,384
375,396
372,372
376,380
369,390
374,384
372,394
376,375
378,377
374,375
364,406
383,379
378,374
366,364
402,376
378,384
375,372
371,377
373,373
378,373
390,373
370,373
370,378
368,390
364,370
364,395
380,373
400,385
374,367
373,373
370,381
372,400
376,430
405,372
374,379
373,376
364,386
374,384
372,382
369,382
376,389
372,388
370,379
370,378
369,379
377,389
377,373
374,377
368,385
403,370
379,398
374,376
369,380
368,439
372,382
398,383
388,385
371,374
368,379
368,397
380,404
360,371
387,372
370,385
369,399
365,381
395,382
398,372
401,389
383,383
361,379
375,407
368,398
393,387
383,388
373,385
369,372
368,386
379,393
378,394
381,378
381,376
364,398
375,400
377,376
362,372
402,386
407,384
397,389
378,383
377,379
372,382
392,378
378,398
379,424
375,387
375,380
372,379
363,383
402,395
399,378
371,377
370,386
376,378
380,395
377,373
375,382
362,385
367,375
367,380
387,389
377,386
370,374
386,408
375,384
381,411
376,380
372,372
376,377
373,388
405,386
381,373
374,375
375,379
370,394
368,406
390,384
372,382
370,404
377,377
373,377
374,376
398,369
372,382
392,381
380,378
426,378
366,383
401,379
375,396
369,385
377,368
375,382
377,379
387,386
379,402
365,382
404,382
367,379
367,398
385,392
370,386
405,379
400,382
376,393
371,397
371,381
371,376
376,373
371,382
372,396
374,399
372,382
377,376
396,373
375,373
375,376
371,394
377,389
389,386
367,381
364,380
379,389
376,385
372,395
378,394
368,370
368,370
378,375
373,389
401,384
385,388
373,381
373,385
378,378
393,391
386,394
377,401
380,376
426,369
376,374
368,377
369,398
395,379
382,377
369,385
372,383
372,390
382,380
366,382
366,392
374,379
391,400
393,394
387,383
376,385
376,380
377,402
372,368
401,378
364,382
377,380
371,402
371,376
383,381
371,378
374,401
375,383
372,389
385,373
372,379
367,383
372,406
369,374
369,380
383,378
399,384
393,392
371,369
375,377
379,368
370,384
377,378
374,381
383,388
379,371
380,383
366,392
362,426
374,382
368,373
376,377
370,385
376,396
386,373
373,386
398,376
379,369
373,380
376,368
377,377
395,375
374,395
368,376
392,379
373,386
394,370
364,371
370,382
364,380
375,380
402,392
379,371
375,370
372,392
373,375
380,398
410,399
390,379
374,385
377,382
370,391
366,393
375,372
368,375
370,373
368,382
372,379
372,400
375,392
364,373
373,387
364,377
364,388
387,377
364,378
374,380
364,374
365,388
379,380
372,370
378,369
367,387
367,375
376,387
392,398
397,392
399,380
387,369
374,382
377,377
392,369
379,398
372,396
372,382
371,382
403,387
411,380
369,385
368,374
375,378
377,371
377,379
391,374
367,375
367,368
369,372
377,368
369,382
373,378
376,377
372,375
376,370
370,379
389,401
371,390
376,391
373,379
367,379
370,397
367,402
372,379
370,386
376,387
402,383
374,385
377,386
370,382
378,378
399,374
404,377
366,392
367,380
404,374
392,369
400,368
366,374
364,401
376,399
376,373
371,372
385,379
364,395
375,382
370,388
377,368
374,372
367,377
366,403
366,377
364,369
374,371
373,370
371,369
372,395
368,368
375,378
391,381
369,415
373,374
376,389
401,370
373,382
375,370
367,393
391,401
376,379
380,373
366,372
376,375
373,379
373,372
364,376
383,374
370,374
367,395
372,396
375,395
369,375
379,370
376,370
366,374
366,371
374,391
367,377
364,374
365,375
367,374
392,390
368,376
367,374
368,375
371,377
389,395
401,373
364,406
367,381
428,381
404,370
375,374
375,376
369,395
371,380
376,387
369,386
371,377
394,378
372,383
374,379
374,381
400,379
396,396
373,444
382,408
374,368
369,366
390,379
377,399
377,376
401,376
381,385
368,376
373,396
387,378
399,390
383,385
378,377
375,380
376,391
385,382
369,384
426,386
369,394
370,368
372,373
383,374
427,374
374,408
379,397
367,385
369,399
374,398
388,401
367,396
369,379
379,380
381,388
375,380
367,388
378,368
375,368
376,373
402,372
375,377
376,369
375,373
425,379
368,396
397,386
392,396
366,381
375,370
377,379
390,397
379,390
369,370
373,375
372,396
393,427
367,388
366,376
366,375
382,386
364,384
399,384
404,382
373,377
369,382
380,384
374,401
385,371
368,371
371,374
370,388
398,391
359,374
363,398
366,400
374,370
386,380
372,371
365,376
365,376
378,392
366,404
381,380
377,380
372,382
377,382
376,398
378,388
381,382
398,381
372,380
393,380
386,402
375,398
370,390
373,384
401,382
367,393
377,444
365,382
374,386
393,384
424,395
379,380
366,382
376,379
391,370
371,375
374,391
374,374
379,378
383,370
378,391
388,400
409,380
372,375
368,374
369,397
369,381
399,379
366,390
368,375
368,376
373,371
382,373
403,388
371,375
375,370
376,386
377,381
372,376
392,372
378,376
381,379
374,375
376,378
421,377
377,388
370,382
380,379
376,379
375,373
384,402
368,379
375,376
366,374
366,372
401,404
378,385
367,398
393,398
372,376
379,377
377,385
375,395
425,394
427,384
376,366
364,379
375,381
371,388
374,379
372,384
377,379
405,382
372,373
372,379
376,373
364,374
367,386
379,384
382,373
369,385
372,370
378,383
367,380
366,381
374,381
364,388
370,406
373,385
373,387
396,375
369,387
366,378
366,382
371,394
384,377
385,394
402,376
366,375
368,381
375,371
378,385
374,385
371,396
377,387
372,374
372,371
372,374
372,385
397,376
370,379
373,381
380,382
380,370
380,395
375,376
402,372
373,382
373,402
373,390
376,375
397,376
392,387
397,373
386,397
379,380
380,374
375,372
401,374
418,389
372,376
366,373
378,368
372,368
406,383
427,397
366,387
369,372
379,374
420,374
405,368
400,381
370,382
369,368
367,378
376,374
379,394
367,401
367,378
369,375
367,375
367,383
375,390
372,375
375,389
375,393
384,372
406,369
376,396
372,381
373,406
373,384
381,371
392,376
407,385
366,371
364,368
363,374
377,369
368,406
364,376
361,378
374,371
374,377
378,389
371,387
369,387
365,380
374,373
383,380
397,383
375,393
358,377
376,372
373,381
374,372
401,390
397,381
367,380
366,380
369,384
380,394
429,374
396,372
373,373
375,376
383,369
367,390
371,375
369,374
372,378
369,369
369,374
417,373
375,381
374,373
378,372
365,382
364,369
398,371
374,376
403,393
367,377
377,389
402,375
378,378
366,377
377,403
377,375
376,373
381,376
399,381
371,415
372,396
372,378
375,382
373,377
364,376
396,375
377,373
364,368
380,373
379,379
393,398
373,398
377,375
425,377
368,396
374,401
408,376
368,372
363,376
373,414
367,392
371,387
382,391
409,376
390,391
379,396
380,381
372,396
370,376
370,377
372,366
390,372
364,378
364,380
366,374
364,385
358,382
400,390
404,380
400,377
364,371
367,383
371,396
375,399
376,398
377,379
370,371
375,371
375,399
376,377
367,398
388,389
366,375
365,397
377,386
368,375
374,378
373,386
372,378
378,376
378,374
375,376
370,370
366,397
375,387
382,396
372,392
376,373
371,381
373,381
371,388
366,382
420,374
377,385
369,383
369,376
373,400
373,369
370,370
372,386
371,393
404,379
376,386
369,381
374,379
367,379
371,376
367,384
392,372
378,375
365,378
364,383
366,386
374,381
374,383
376,378
414,393
374,379
370,388
368,381
371,373
364,380
362,391
391,374
375,384
371,380
364,384
369,378
405,397
379,394
401,392
406,386
369,375
366,376
372,387
394,386
372,372
377,374
396,368
369,380
381,373
374,380
366,382
383,383
373,374
369,377
368,384
380,367
402,390
405,410
378,377
378,380
400,397
399,379
373,390
376,371
374,395
383,389
369,384
376,369
385,374
368,369
374,405
372,384
396,386
371,379
364,381
369,372
379,390
393,387
403,374
391,378
366,373
373,386
366,381
369,375
370,382
412,387
366,379
367,397
367,378
368,392
372,376
369,369
403,386
410,378
375,389
375,391
377,378
387,379
375,392
370,368
373,370
377,370
376,377
375,384
382,374
378,367
379,381
369,374
369,372
377,380
432,374
402,372
366,373
367,388
378,393
384,385
377,393
372,392
377,379
368,372
370,374
380,375
371,384
367,373
375,377
368,371
403,379
396,383
390,370
373,370
376,368
394,400
377,397
404,379
378,378
367,377
362,373
375,370
370,382
368,378
403,380
364,380
377,379
367,379
395,376
366,375
367,383
371,372
380,395
405,373
373,382
364,387
379,374
365,402
376,396
403,370
399,380
368,372
403,371
376,372
401,426
364,369
372,384
378,380
395,373
378,395
400,378
364,391
367,384
363,407
369,389
370,374
360,372
371,380
377,382
365,404
369,371
366,382
367,383
384,380
394,395
375,372
378,378
381,375
379,405
382,376
379,394
369,389
369,381
366,375
408,382
372,371
370,398
373,380
371,370
375,381
366,374
372,376
388,375
371,401
370,376
366,376
373,381
367,396
366,402
362,411
376,398
362,376
379,374
360,367
381,394
403,379
400,370
401,369
380,369
377,400
363,389
387,406
368,394
366,382
369,376
369,384
380,380
370,394
372,383
373,384
367,395
376,379
374,379
377,381
373,406
387,392
398,385
381,395
390,374
367,372
370,371
375,390
385,367
392,369
398,377
366,375
371,392
371,391
377,389
377,438
369,396
366,378
369,396
384,392
374,386
379,380
377,397
370,380
407,400
377,376
366,384
372,380
368,393
373,390
371,381
409,382
370,387
369,379
372,382
367,381
367,382
380,380
383,386
376,380
365,399
362,373
377,380
376,380
375,377
397,376
362,398
367,384
409,375
370,379
392,373
376,397
364,418
365,404
379,388
389,373
382,368
402,376
372,401
376,381
376,398
397,381
392,437
371,385
370,383
376,378
374,378
378,375
376,381
366,384
367,376
393,377
384,390
401,384
372,381
364,389
369,377
370,387
407,400
380,368
358,376
369,379
367,370
394,380
387,395
397,374
366,380
377,376
367,381
387,387
401,376
377,379
366,393
367,392
373,377
370,384
372,380
380,372
399,371
367,401
366,376
367,370
405,375
364,373
373,396
376,387
426,387
389,386
363,377
383,382
364,379
423,408
392,385
365,381
364,391
367,387
369,380
365,384
379,390
374,378
381,372
374,371
405,371
395,388
380,376
370,375
370,427
375,381
367,388
364,379
364,371
370,376
376,379
372,379
364,383
373,373
364,386
394,376
364,400
377,369
373,375
375,373
367,377
376,380
386,395
368,396
386,388
377,378
392,378
379,377
388,382
368,401
371,390
376,377
379,393
374,382
398,391
373,379
379,373
368,373
372,389
398,381
374,377
380,394
375,376
374,378
366,394
372,396
373,397
371,383
368,371
387,376
400,379
407,372
369,376
364,394
394,378
382,371
397,371
372,375
381,370
382,374
377,373
399,372
373,380
379,372
367,376
376,377
409,398
402,387
390,401
360,377
367,368
372,377
370,401
395,382
377,373
378,378
376,376
374,392
374,391
380,370
369,382
396,373
380,378
377,403
424,373
363,377
360,377
379,377
393,378
369,395
367,392
364,370
386,370
397,373
368,396
376,395
366,395
374,371
371,374
376,376
364,376
367,369
373,395
366,372
368,371
375,369
364,381
394,373
364,373
370,372
379,373
374,390
376,374
401,386
367,380
370,380
372,378
367,397
389,381
423,380
370,372
367,385
381,365
361,382
371,390
372,400
389,375
364,381
369,388
377,394
373,385
395,374
364,376
367,393
398,380
368,393
392,374
370,382
367,374
377,380
369,397
377,380
365,382
373,384
396,381
370,384
363,406
370,378
371,378
372,389
371,376
371,402
370,382
365,374
379,366
376,371
366,390
363,376
373,374
387,382
424,370
389,380
378,373
371,396
379,378
403,383
367,388
381,392
377,375
368,398
385,375
384,373
366,384
370,386
370,387
370,381
392,385
421,383
370,393
366,374
371,370
401,383
368,371
370,373
365,374
367,370
377,373
368,401
384,393
372,380
371,383
381,373
368,378
422,373
374,383
378,388
370,369
385,374
374,388
367,371
369,395
369,373
372,372
402,387
391,376
367,399
370,373
369,373
370,378
367,377
367,383
394,378
369,375
381,378
408,379
373,395
389,368
373,379
401,371
377,385
370,379
374,383
393,371
386,386
401,378
370,380
365,375
367,379
370,379
396,380
366,383
364,376
409,395
376,380
381,389
381,369
368,371
374,379
370,385
398,385
397,390
374,371
374,374
374,370
367,383
365,374
373,381
364,401
367,377
367,378
369,371
364,376
371,378
390,389
367,375
371,374
371,370
376,392
377,396
375,371
377,379
380,375
378,375
381,382
366,374
370,374
372,370
371,386
388,376
401,381
369,376
368,383
374,384
398,377
370,404
391,392
367,378
367,371
389,377
377,380
391,378
365,372
369,374
362,374
372,402
387,381
377,372
376,374
372,381
378,399
409,381
393,384
377,377
386,381
370,376
371,388
377,380
372,384
369,377
374,383
377,406
374,391
375,371
377,375
367,384
373,391
371,385
397,380
378,387
371,375
369,388
367,393
370,377
374,380
382,375
373,388
374,394
377,373
378,373
376,376
377,370
372,378
369,374
401,393
371,378
373,388
372,384
370,383
375,376
371,370
372,384
372,368
370,380
373,391
377,370
399,374
371,381
368,376
375,389
375,381
379,383
373,374
368,375
376,408
372,388
369,397
369,376
372,372
376,380
399,372
401,407
374,389
384,383
367,373
364,374
375,394
407,395
392,375
360,376
375,378
373,367
379,385
365,370
371,362
370,374
402,397
390,386
383,377
387,379
401,378
374,379
367,393
401,391
370,389
372,373
395,385
422,395
375,401
379,378
375,373
364,387
393,397
366,381
368,378
402,374
371,375
373,377
374,381
375,370
384,377
379,370
387,383
372,382
372,382
376,388
375,379
373,387
376,392
375,376
399,378
373,380
365,380
376,378
392,408
380,377
368,372
373,386
374,394
400,402
395,375
365,378
378,370
379,386
404,393
401,376
366,375
365,378
364,381
376,384
374,377
374,375
371,379
373,367
379,379
404,397
399,387
397,398
374,378
375,388
372,390
369,382
389,399
380,369
378,375
372,372
371,388
373,375
399,395
370,371
378,380
393,387
385,373
382,388
380,389
371,385
366,381
387,388
380,378
379,379
361,380
374,387
405,384
374,378
362,377
402,387
399,372
371,375
370,399
388,376
399,414
371,375
374,375
372,406
395,384
367,370
428,371
379,371
369,371
379,372
400,372
407,376
372,380
392,399
366,391
370,388
370,384
388,368
377,389
364,396
366,383
374,381
372,381
382,377
398,384
376,408
381,408
370,386
372,380
387,382
396,378
368,377
378,371
373,374
374,369
366,400
372,404
371,377
371,378
375,380
377,377
366,390
375,376
370,375
369,374
377,377
373,415
364,373
372,367
382,377
372,386
371,383
374,394
373,376
372,389
386,379
395,379
374,366
368,370
367,380
365,370
378,382
379,370
378,378
383,372
379,401
378,375
369,389
368,382
367,374
408,395
369,380
370,384
365,368
370,374
365,376
379,389
374,380
401,404
370,369
378,372
379,367
373,386
379,375
372,379
364,392
365,373
371,402
377,392
373,377
374,385
373,380
376,392
374,377
374,400
375,384
385,371
375,371
369,385
369,410
361,368
395,373
377,369
372,374
362,396
375,395
407,391
376,377
377,368
385,368
373,411
375,380
371,372
369,380
402,388
374,376
375,388
404,378
399,387
372,385
379,394
362,432
396,377
371,386
369,380
381,401
366,379
377,374
423,382
381,375
375,389
377,394
381,393
380,370
367,403
375,380
375,381
373,380
372,375
391,378
372,374
369,369
364,374
390,379
369,383
369,382
368,370
367,376
365,368
367,392
379,372
376,374
372,428
393,388
382,392
373,380
373,374
371,379
367,369
424,375
402,367
381,374
378,374
378,378
373,381
377,379
372,374
370,380
369,391
394,390
404,376
373,373
377,375
380,395
375,384
382,379
378,382
382,381
372,395
371,391
367,382
366,374
371,389
377,396
371,384
376,404
376,384
378,384
425,384
371,386
379,392
367,388
382,380
375,374
377,383
375,425
373,408
371,389
407,376
403,373
399,389
378,396
380,377
379,379
393,381
373,393
373,399
371,383
372,388
383,376
391,391
381,367
423,370
368,372
364,371
365,378
372,376
384,371
367,398
373,401
373,374
376,376
373,386
364,379
361,368
377,377
377,374
366,376
374,384
366,380
367,375
375,373
370,374
375,380
397,375
371,373
364,377
384,375
376,389
407,385
371,408
386,388
371,378
369,378
379,395
383,386
371,376
375,374
375,376
366,396
378,382
403,375
391,390
377,376
434,380
405,380
376,397
367,403
366,378
368,384
370,397
373,383
407,398
379,385
366,382
373,379
378,382
380,379
369,379
381,381
371,372
398,369
375,380
375,378
418,402
382,391
403,379
377,382
380,383
371,374
364,376
424,386
366,380
369,385
398,380
394,380
372,393
378,375
379,378
372,380
389,376
383,397
373,375
374,371
366,371
363,378
376,383
370,382
396,368
365,382
376,377
380,369
365,376
385,376
404,368
373,380
367,392
377,370
378,373
380,374
373,370
400,377
375,374
372,393
379,379
376,386
375,383
369,382
375,387
398,376
372,386
376,387
367,375
369,394
379,378
391,377
368,391
365,384
371,398
368,366
368,368
377,373
405,372
372,377
375,382
365,389
360,374
386,375
369,388
389,379
372,383
400,371
384,374
378,382
371,391
373,379
368,380
369,371
364,381
381,391
403,399
375,373
398,378
364,381
377,402
394,373
375,413
382,379
371,378
369,375
364,381
375,383
370,396
397,371
367,368
375,377
380,377
369,391
429,378
392,380
369,373
370,374
378,382
401,398
417,391
364,380
376,384
364,378
368,378
367,390
367,398
364,390
376,373
387,372
402,386
391,377
378,391
366,373
367,374
371,381
370,376
402,382
365,378
369,376
367,376
376,370
375,380
372,369
378,384
376,392
378,378
368,380
377,386
373,375
378,368
382,372
366,369
367,382
374,370
378,392
383,368
378,396
402,369
373,395
377,391
373,384
375,382
370,370
376,385
384,378
366,389
441,370
380,378
382,388
378,378
373,399
368,383
363,384
378,375
364,384
372,385
395,375
376,369
366,376
369,394
370,402
366,374
369,379
379,385
381,382
396,395
368,384
364,392
364,377
377,379
380,383
393,375
376,370
367,389
374,379
376,373
372,382
382,385
396,374
378,394
363,403
393,371
371,375
374,389
363,382
375,386
372,394
366,377
366,383
372,383
386,398
366,381
382,377
376,384
370,379
366,393
367,405
366,376
380,392
378,368
374,384
423,383
369,381
376,382
388,379
366,375
366,377
379,380
369,384
376,383
378,374
381,388
372,393
370,380
406,380
392,390
370,376
366,390
373,379
399,374
376,373
382,379
373,382
377,374
373,383
378,378
374,378
367,383
408,379
367,395
378,376
366,365
365,373
371,391
377,378
368,369
397,390
376,369
372,372
408,391
375,377
381,393
372,379
369,385
369,387
376,373
371,398
378,405
387,370
417,386
393,385
376,380
380,387
374,370
398,371
397,382
372,399
399,382
379,374
395,370
370,381
379,384
372,376
379,392
400,371
366,379
363,367
467,368
369,372
374,375
368,394
365,377
364,368
366,370
382,373
369,395
377,370
400,376
405,376
373,391
375,376
376,372
379,367
409,386
379,382
377,374
377,369
380,372
389,376
390,367
367,394
388,376
374,389
403,372
369,383
377,378
377,390
389,395
365,376
369,386
376,380
369,379
364,388
374,376
373,377
371,378
370,375
418,388
367,397
372,381
373,384
366,369
377,370
367,397
377,379
376,375
378,391
408,378
394,374
366,397
372,400
376,380
370,371
398,368
409,379
370,380
373,382
371,378
377,377
375,376
376,377
371,385
372,376
364,381
382,390
387,369
435,372
372,376
370,400
369,394
365,373
372,381
362,377
367,378
377,388
372,374
378,368
373,384
368,373
372,383
372,377
376,377
377,373
379,375
371,371
374,370
373,394
373,376
377,391
372,369
364,396
367,397
402,378
406,375
371,380
383,390
378,373
388,372
375,377
373,398
378,394
391,384
373,383
379,377
366,379
385,412
395,381
397,395
380,368
382,372
385,399
379,397
366,397
367,386
377,385
372,398
371,375
366,391
374,382
367,382
392,381
392,383
377,380
395,380
388,378
369,380
368,378
374,397
386,382
369,385
376,381
369,379
367,396
393,379
364,386
370,380
367,381
400,372
370,380
366,392
385,377
391,380
366,390
366,384
373,387
378,384
373,380
402,394
370,386
399,375
402,379
365,377
369,374
371,373
377,373
378,392
369,394
377,391
385,374
372,385
374,388
381,384
369,388
367,385
371,374
390,383
404,394
370,379
368,375
378,380
376,390
374,452
381,383
375,376
373,383
377,382
377,397
376,379
384,379
370,399
379,378
378,399
398,393
406,391
377,381
374,401
364,400
372,371
379,378
370,371
372,379
375,405
383,374
458,375
365,380
377,381
376,373
362,375
402,377
372,425
375,381
369,373
375,378
394,381
380,401
388,367
371,373
373,380
374,406
419,369
398,376
373,379
376,397
378,388
371,390
378,383
365,380
369,385
373,391
379,400
378,381
364,391
370,372
364,400
369,379
369,402
367,390
369,374
367,377
367,395
394,406
413,368
390,364
374,369
377,389
373,375
379,372
373,372
406,383
399,400
377,412
388,388
375,379
372,368
400,391
376,370
377,377
382,390
381,372
364,371
361,394
364,388
379,372
375,371
409,382
390,372
377,400
400,381
376,376
376,373
376,392
403,389
393,403
371,381
364,382
384,374
378,385
403,366
364,384
376,364
375,377
376,370
374,398
369,381
378,369
369,376
375,374
396,396
364,380
378,377
385,398
387,398
380,380
366,368
387,370
366,376
380,387
418,393
400,398
375,370
373,374
372,379
415,378
376,383
382,379
484,371
396,378
376,374
394,377
364,379
374,368
408,364
368,374
378,383
376,380
376,364
369,376
381,368
372,379
366,383
399,391
397,379
394,368
400,378
376,378
375,376
380,370
380,378
437,372
371,397
379,397
372,378
366,381
369,395
376,370
381,388
381,379
378,395
375,396
368,393
367,380
366,388
373,373
401,380
384,369
359,382
369,373
380,383
364,387
386,373
379,369
374,391
371,374
367,370
374,379
387,377
375,378
367,376
363,382
374,399
375,390
408,391
374,382
381,383
381,391
368,377
366,382
373,378
370,387
371,386
370,392
369,375
390,370
402,398
395,396
370,390
368,377
377,373
387,388
400,394
364,370
368,375
362,365
392,389
376,383
376,377
368,373
374,385
372,384
384,371
385,379
363,369
372,377
368,380
376,380
400,396
393,394
369,368
367,380
374,374
373,370
376,391
366,395
372,379
379,377
382,378
369,390
371,390
373,393
372,393
375,377
399,377
373,381
371,378
376,389
373,378
378,379
382,384
364,388
379,378
358,394
364,380
367,374
371,380
375,374
364,375
433,394
373,373
376,370
391,377
375,370
379,384
375,372
374,382
399,383
426,397
396,389
377,380
408,379
403,377
382,380
376,395
366,382
370,376
366,370
371,428
374,384
366,371
369,372
366,370
370,398
422,403
376,392
371,380
372,378
378,381
393,386
369,385
377,391
391,383
367,387
373,391
403,399
375,379
375,385
371,383
411,389
379,373
408,387
383,384
368,377
375,368
366,370
399,379
399,377
378,388
377,370
382,380
380,388
380,394
380,397
370,371
428,380
384,376
367,377
380,390
369,378
366,378
374,372
376,402
376,389
368,386
368,390
375,378
382,382
377,400
369,390
369,386
394,373
369,381
425,394
393,380
369,392
366,401
366,402
400,385
372,382
377,380
379,393
374,387
380,369
366,371
375,372
367,373
371,374
422,379
397,374
366,387
374,375
390,375
362,370
378,375
367,395
367,392
377,372
369,382
368,392
381,380
366,373
369,388
366,384
376,395
397,402
374,397
366,368
394,377
366,377
411,406
372,378
377,387
366,378
365,372
369,379
381,381
369,379
373,380
366,394
382,383
391,379
380,381
378,401
377,395
366,374
396,384
369,379
368,387
365,373
370,379
375,374
391,373
364,376
363,379
363,398
389,369
374,378
392,369
370,389
369,406
375,387
373,379
371,378
372,372
371,386
377,377
391,375
400,378
373,370
376,392
364,390
381,381
399,384
378,383
368,377
376,384
385,379
378,371
371,430
371,370
380,376
386,379
375,375
410,366
426,390
368,401
374,365
374,404
374,372
404,372
377,376
378,395
392,377
367,382
379,377
377,372
398,394
375,377
399,384
393,386
380,398
369,380
373,375
372,374
367,369
392,375
402,393
373,392
373,376
377,373
392,370
371,388
391,387
365,384
381,370
373,368
393,376
371,398
397,404
372,407
368,372
369,374
377,397
394,374
389,400
376,370
395,370
375,401
360,378
371,382
367,405
397,367
370,374
398,381
382,403
401,395
373,398
378,375
372,374
369,380
369,403
406,399
360,393
364,382
376,382
375,378
383,400
406,384
375,389
374,377
375,380
373,376
378,409
391,370
420,388
364,373
374,397
386,391
370,388
376,376
376,369
371,386
369,375
368,382
371,370
370,401
374,371
369,373
374,373
378,376
393,375
375,394
380,397
383,376
367,385
375,377
361,389
367,380
368,381
375,382
400,379
373,399
378,382
373,371
406,381
374,382
386,389
364,391
367,380
379,375
364,396
377,389
364,382
364,376
368,379
364,400
370,377
393,382
397,373
395,379
372,391
370,376
375,371
367,370
394,369
372,395
365,398
375,400
398,382
375,381
379,378
367,388
377,376
381,377
426,378
376,403
366,391
376,375
367,386
365,380
372,412
364,370
365,371
378,377
367,373
402,399
399,400
369,368
369,371
393,388
369,384
372,379
372,380
367,375
377,410
373,382
367,398
402,370
364,369
368,375
367,378
379,371
400,394
373,381
375,369
371,377
370,370
368,377
398,382
372,373
376,378
380,373
374,374
397,373
365,368
368,385
384,384
369,379
405,391
377,392
369,408
369,390
397,382
378,386
376,386
365,378
365,388
366,380
374,387
378,381
379,382
373,411
373,389
376,380
374,396
394,374
374,402
370,374
373,368
380,364
375,376
368,383
401,401
381,378
373,385
382,370
372,373
376,375
394,387
388,383
369,386
362,387
430,389
368,378
389,376
423,386
397,401
373,375
372,406
373,401
393,370
370,382
373,381
372,394
362,381
370,382
371,384
378,383
364,379
366,405
374,375
376,386
377,378
379,378
377,397
368,398
405,385
375,377
377,376
375,380
378,380
414,378
375,398
371,379
376,380
361,385
427,390
398,373
366,371
382,373
369,381
371,367
370,385
377,376
391,375
367,371
379,393
370,377
390,371
419,371
367,386
373,402
366,386
369,398
378,379
390,370
391,378
364,371
365,423
367,378
409,372
401,405
372,394
366,377
399,375
401,377
377,375
373,394
376,394
368,389
368,373
374,370
369,379
369,382
367,400
373,399
392,374
391,381
395,381
366,389
377,387
363,371
370,375
379,392
375,381
376,378
368,390
365,369
400,375
374,381
369,394
366,386
369,373
364,372
366,376
398,375
364,389
366,388
365,375
365,371
377,368
400,383
374,369
373,374
367,388
373,377
366,377
375,394
380,371
374,376
377,376
414,407
377,371
366,369
373,378
380,395
374,376
394,378
403,369
371,388
378,381
374,377
373,385
378,380
400,372
364,382
374,382
372,397
373,397
367,395
398,372
371,387
373,373
367,384
376,390
374,384
366,375
393,369
375,380
394,381
369,404
378,396
375,370
368,370
377,377
379,392
371,383
365,397
373,383
369,381
389,379
376,383
365,405
368,372
364,383
379,367
382,377
373,404
380,406
376,396
376,373
379,381
366,400
365,373
367,377
393,368
392,379
373,376
361,377
366,388
366,377
392,372
370,391
369,373
377,368
380,376
386,397
372,397
372,373
373,372
378,383
377,403
375,372
370,366
370,366
364,376
371,389
398,399
374,373
369,371
365,380
381,402
376,394
364,376
364,380
374,393
370,369
396,370
385,376
367,388
367,376
370,395
378,371
424,372
392,378
364,395
370,375
401,377
373,377
375,386
375,375
370,392
373,373
365,378
375,378
385,398
381,388
365,392
366,375
378,379
391,381
372,373
384,376
368,369
371,378
377,382
401,377
374,377
370,394
367,380
396,380
386,377
399,374
374,380
376,375
375,373
367,371
372,375
376,388
370,379
377,374
381,376
386,372
400,376
369,388
360,378
366,386
372,376
394,371
364,377
364,390
374,382
374,389
367,370
386,374
385,375
422,397
376,398
381,377
377,381
379,379
381,373
369,413
377,371
375,376
375,370
398,393
395,376
370,375
376,377
405,368
372,371
397,389
374,392
364,400
363,377
371,375
367,388
368,374
366,372
375,372
366,378
377,391
382,374
367,372
416,402
372,377
375,380
374,374
374,390
385,376
396,386
394,391
377,381
364,383
364,378
371,380
363,388
365,379
373,380
386,377
368,375
370,389
383,406
400,378
378,387
368,381
370,384
383,386
365,394
379,377
374,372
373,372
399,379
376,387
377,395
366,368
375,368
371,385
373,397
373,373
370,381
378,398
374,392
374,381
393,371
433,373
379,396
390,390
373,401
384,381
375,397
372,377
363,376
374,384
375,402
369,401
374,372
377,382
365,385
367,390
372,382
379,377
365,376
377,380
373,400
364,369
393,379
370,399
406,371
376,378
373,382
399,397
393,372
369,378
376,371
364,372
367,373
367,393
375,398
366,379
368,421
370,373
367,390
371,407
367,389
369,368
379,397
377,386
393,404
393,379
377,381
391,391
398,391
368,397
365,400
364,370
373,378
372,379
390,379
367,385
373,391
380,379
401,377
397,383
373,402
392,381
369,374
375,374
398,372
366,428
370,370
367,378
393,381
369,396
375,377
378,393
362,391
392,381
370,381
374,398
369,378
366,377
370,369
366,378
367,396
369,374
374,369
371,371
380,371
376,395
370,401
369,383
370,373
379,380
418,373
399,379
372,389
366,393
374,376
379,368
364,375
364,375
372,376
394,386
397,375
396,372
395,373
368,372
370,410
382,391
377,374
374,398
367,370
379,380
376,377
369,381
366,371
370,385
376,397
369,378
401,375
371,368
374,384
382,381
427,380
372,369
373,371
369,372
370,388
370,405
368,395
373,377
403,374
369,381
392,402
366,390
400,385
370,382
377,375
384,382
380,391
373,384
370,382
374,381
366,374
370,380
374,378
369,373
366,405
371,377
372,378
392,375
395,398
391,385
367,384
368,377
361,384
380,378
372,389
371,378
379,382
374,376
403,376
373,378
373,379
374,388
383,386
409,375
393,430
378,382
368,367
382,381
367,381
397,385
370,369
361,379
409,376
375,376
375,371
366,398
364,389
367,375
364,373
401,372
382,393
390,390
376,379
388,377
371,379
377,373
377,378
365,382
380,370
375,386
404,398
374,375
371,390
379,380
370,384
376,392
374,377
376,371
382,372
372,406
378,376
373,387
373,396
376,372
372,402
369,406
395,376
370,380
368,374
375,376
369,393
366,383
394,386
400,375
371,378
383,389
393,373
383,377
427,397
370,396
374,380
374,390
409,376
401,372
370,398
364,386
368,374
371,382
370,374
397,383
373,380
379,390
365,376
375,383
375,377
371,376
377,376
361,381
374,403
376,377
371,386
363,388
368,376
380,377
370,374
362,391
371,386
371,401
366,392
362,391
400,383
410,377
399,386
397,372
370,379
367,371
364,371
383,380
385,393
361,391
373,431
362,388
366,398
376,374
369,372
371,373
399,385
363,377
368,400
360,368
378,375
400,390
363,378
376,388
376,381
367,374
375,370
362,374
370,381
389,374
373,406
379,374
396,371
389,371
368,376
375,371
366,372
380,383
364,388
364,376
364,390
379,396
378,377
365,374
372,376
367,398
366,374
402,367
388,373
377,407
360,389
379,373
385,375
374,376
365,375
367,385
372,428
371,375
370,378
375,399
370,376
377,379
378,377
385,386
369,373
386,373
391,394
364,375
370,374
371,383
380,405
407,388
388,374
364,375
376,373
376,395
382,395
383,369
378,378
375,375
373,379
372,373
379,379
374,394
409,373
370,373
373,379
375,391
372,379
366,370
380,371
382,374
375,376
365,388
369,405
376,373
389,378
371,375
395,384
418,399
366,388
365,370
432,381
364,370
371,372
365,391
374,377
371,382
369,383
370,372
380,386
399,383
376,400
376,374
400,376
381,375
369,386
406,387
374,393
375,371
373,380
368,371
369,375
395,398
381,377
379,396
369,371
366,377
405,399
394,388
364,378
376,386
373,368
376,371
398,388
372,397
364,378
367,385
382,380
367,389
401,376
371,386
376,379
373,379
368,374
371,395
387,378
400,374
375,371
364,378
376,379
390,373
384,366
375,404
367,379
369,403
396,371
364,374
374,386
375,410
369,378
366,386
416,369
366,372
366,393
365,404
375,385
376,388
402,367
379,383
374,389
372,388
369,386
375,370
369,383
371,382
398,381
395,390
394,373
369,390
364,389
382,377
382,377
377,391
378,402
374,380
385,375
434,375
377,398
396,384
395,390
377,373
372,370
377,375
379,374
370,374
369,374
372,371
403,369
377,382
398,408
364,393
369,374
370,374
375,383
406,375
374,371
373,374
375,406
377,383
369,380
369,381
369,382
377,373
378,382
375,388
363,378
398,399
373,381
363,386
375,386
379,386
373,377
408,391
364,382
371,374
374,373
375,370
374,397
382,394
398,394
368,376
385,377
368,373
371,399
370,396
401,393
372,391
373,373
366,401
370,382
378,378
369,375
374,391
375,379
364,380
366,400
372,392
390,378
371,369
367,392
368,398
369,400
366,382
420,377
376,377
379,377
377,376
375,372
375,389
425,374
401,376
403,389
379,377
373,376
373,376
376,375
374,382
407,399
364,379
374,400
371,383
370,372
387,372
376,380
406,380
428,392
364,376
379,377
367,379
369,375
397,371
364,371
369,395
368,388
368,388
367,377
371,380
370,373
367,377
371,379
368,402
364,373
389,377
366,373
371,379
375,368
382,383
390,380
373,381
373,369
385,395
375,374
374,377
375,394
377,371
372,379
372,377
380,381
374,396
398,401
372,370
366,374
377,375
380,374
410,376
403,379
363,383
367,382
368,368
377,400
396,378
371,390
398,367
373,381
371,383
387,398
385,398
370,375
361,371
381,374
378,368
360,388
376,373
368,367
380,380
370,408
370,401
377,394
378,372
379,376
390,376
373,396
375,380
395,368
392,373
368,375
373,378
377,381
370,374
383,376
423,367
372,378
364,371
369,378
376,391
371,375
366,380
380,385
370,376
377,375
375,411
378,377
385,374
372,391
375,376
367,377
405,375
379,372
375,387
365,377
371,397
380,378
378,372
380,385
402,384
371,377
375,378
374,374
384,384
376,392
374,374
377,407
365,391
369,375
371,380
407,379
390,380
364,385
371,383
368,379
369,399
367,385
374,384
379,390
378,387
373,375
376,379
369,377
382,372
373,387
375,370
374,371
395,374
373,383
364,374
372,376
376,368
372,378
374,373
392,382
373,379
376,382
406,395
367,374
390,366
367,382
376,380
371,387
393,393
370,394
375,392
372,374
376,371
369,383
377,400
373,389
368,379
372,382
368,383
375,377
373,389
375,391
387,372
377,377
411,368
368,400
369,384
373,368
382,371
396,376
370,378
375,398
366,392
380,390
375,382
367,379
371,392
373,368
386,370
384,377
372,368
403,395
392,373
361,389
400,374
386,373
372,383
377,394
377,392
371,370
370,372
380,371
405,370
377,403
421,371
377,379
368,378
364,373
376,403
373,377
367,394
369,369
374,372
375,393
387,382
378,379
391,373
370,365
368,379
371,405
369,400
394,368
371,382
366,376
384,375
371,368
393,369
397,368
382,397
362,381
369,368
398,373
370,375
373,374
366,377
377,394
376,368
374,375
375,399
369,377
369,369
372,380
378,368
386,377
367,376
389,373
364,369
365,368
362,371
376,373
374,386
375,372
364,373
380,369
374,377
399,401
398,398
371,382
374,381
371,401
376,400
397,375
378,379
380,384
373,388
377,390
372,396
372,383
373,374
370,385
375,388
401,392
374,382
373,376
372,379
372,376
386,396
378,379
372,379
375,375
366,370
370,381
374,382
409,374
396,405
371,388
368,380
392,375
409,375
395,381
373,400
375,370
379,370
372,373
370,373
407,379
370,381
373,373
374,377
373,391
367,378
366,402
391,393
369,378
369,373
376,396
376,382
370,380
385,375
397,379
374,374
427,373
376,378
368,374
362,383
367,386
377,387
378,379
367,380
398,384
388,394
397,378
398,373
362,373
367,377
373,396
402,382
367,381
366,389
374,375
380,378
364,400
374,373
395,379
364,376
369,402
380,395
403,391
402,391
393,380
378,378
374,387
380,396
377,396
374,380
365,382
369,376
366,381
378,397
411,376
373,378
379,372
379,398
460,377
371,392
362,398
367,389
370,385
372,368
400,379
369,377
377,387
369,377
376,379
401,378
388,376
370,377
394,387
373,376
376,373
374,388
369,384
382,384
374,381
374,377
373,376
393,383
376,376
400,390
377,381
379,370
381,371
381,388
378,393
381,376
376,370
378,372
377,374
384,395
369,373
369,375
365,368
366,375
367,401
406,397
370,400
374,374
400,378
421,375
397,380
390,391
376,375
378,376
376,384
371,370
379,399
376,433
411,397
374,368
405,373
403,374
411,376
377,389
361,371
370,368
365,393
423,380
369,404
367,369
369,364
370,371
383,394
364,373
367,376
372,377
370,380
393,373
379,389
373,405
364,376
367,378
388,377
366,387
376,403
396,369
375,396
378,376
373,380
376,394
392,385
369,380
371,379
392,396
374,379
395,373
377,376
376,382
372,380
378,381
400,370
376,371
380,385
372,385
380,392
391,378
375,379
370,391
365,396
367,381
364,376
374,371
373,369
379,381
364,385
375,377
365,383
398,399
366,378
377,400
377,379
369,374
399,385
370,379
366,378
377,390
392,376
400,375
364,375
368,382
364,380
381,382
375,372
364,379
361,379
367,372
361,390
402,396
424,367
364,383
369,380
369,395
373,404
397,387
378,369
381,396
379,376
377,394
375,382
373,392
399,379
372,391
365,382
395,382
371,373
377,396
363,380
380,383
373,382
374,381
371,394
377,379
368,380
374,373
381,377
399,398
401,372
363,382
381,375
365,381
376,386
396,392
374,378
372,382
380,376
365,428
392,373
366,386
370,380
398,378
365,369
408,394
389,383
363,390
366,398
392,374
365,375
366,366
370,380
369,397
364,373
376,372
364,376
367,372
365,380
378,397
397,375
372,376
419,379
368,377
367,380
366,382
373,395
399,375
373,383
381,380
378,379
377,375
374,377
378,401
382,379
371,395
370,405
364,383
369,380
401,397
373,400
370,393
360,378
373,381
377,392
401,388
410,381
373,393
372,388
405,396
418,376
375,377
369,386
369,377
366,386
367,383
422,380
382,409
399,388
373,382
369,378
370,387
375,382
375,377
382,376
398,375
368,384
366,378
369,397
376,390
402,378
367,374
398,380
366,396
366,390
369,399
367,372
374,381
388,363
378,373
377,403
376,387
382,381
366,371
362,387
373,379
381,380
426,377
378,379
366,372
392,386
369,383
378,375
367,381
369,382
367,379
369,378
376,372
385,375
367,371
364,394
369,375
377,403
391,388
393,379
370,380
371,384
364,373
381,389
370,389
372,380
396,379
369,391
366,373
364,364
370,368
390,371
366,385
396,380
379,374
379,367
387,368
373,386
377,401
366,380
363,375
375,370
384,373
403,379
366,382
377,389
378,373
371,374
376,397
374,373
365,371
369,378
402,392
373,372
393,374
369,406
375,382
374,377
394,381
375,377
399,381
367,378
369,379
379,380
369,391
390,372
375,378
372,396
369,376
372,376
367,376
399,396
366,368
369,372
374,372
376,372
404,411
374,376
374,370
382,370
388,375
426,395
396,398
385,401
368,378
385,375
391,378
399,373
364,390
364,394
394,393
377,374
393,380
370,376
365,369
368,378
401,375
370,391
377,396
364,394
374,381
367,380
380,375
375,388
376,378
368,368
377,371
378,374
371,374
374,374
374,398
375,382
402,379
369,382
368,378
367,400
373,382
368,381
418,376
369,378
371,381
369,393
400,380
367,384
374,379
377,391
369,371
405,396
412,391
367,396
373,386
368,369
374,370
401,376
377,386
373,378
391,376
406,373
379,372
363,370
360,370
371,370
371,393
376,387
376,381
374,385
364,383
380,382
404,376
376,397
370,399
371,395
370,384
376,384
397,370
373,400
383,376
402,391
377,376
382,380
398,379
368,382
375,380
376,401
376,372
374,380
370,375
372,371
377,384
375,394
375,386
369,380
376,373
374,391
372,398
398,379
377,409
368,374
378,370
376,377
376,374
381,376
369,373
373,384
372,393
380,376
380,388
396,380
424,374
389,390
375,399
366,399
369,387
394,401
369,374
371,379
370,386
375,382
377,378
404,380
373,375
374,379
371,375
376,377
372,392
394,390
373,397
370,384
371,386
375,387
368,370
394,396
396,371
376,387
367,371
374,397
399,397
380,384
401,384
378,386
377,377
378,393
370,374
371,390
371,375
371,381
378,396
378,383
375,406
399,397
374,384
372,374
370,400
385,402
372,379
381,373
394,385
370,388
377,401
385,406
375,380
404,373
375,381
366,372
381,387
381,395
404,369
370,371
366,369
367,382
369,382
408,396
377,379
403,378
401,383
379,388
374,380
376,382
378,376
399,381
402,385
370,400
369,400
365,370
376,373
371,374
366,380
365,386
360,386
366,371
377,376
409,375
371,379
374,400
371,370
377,369
378,380
374,396
377,372
427,389
377,370
392,368
367,378
383,382
375,395
370,372
396,373
371,405
362,400
377,378
378,382
393,381
373,396
372,376
367,371
371,374
372,379
388,400
390,373
373,375
371,368
371,372
374,375
401,370
377,379
377,384
372,396
370,388
372,386
373,379
392,376
371,377
372,395
373,371
373,374
371,372
372,374
403,390
372,373
372,393
376,373
371,381
372,376
380,388
369,386
374,395
376,385
366,372
369,379
406,400
392,389
397,376
378,375
375,376
377,370
380,380
411,391
375,381
379,378
381,370
387,398
396,380
369,374
368,373
366,372
373,411
398,390
376,380
367,381
367,440
369,382
424,373
377,377
376,380
391,380
372,383
378,383
413,372
374,377
380,374
375,395
398,381
377,398
380,378
371,377
383,382
398,383
379,382
366,375
369,373
374,380
375,384
365,389
365,405
373,392
372,370
400,395
365,393
359,405
369,371
392,375
366,376
385,373
366,386
366,370
432,378
369,377
378,376
407,406
373,371
367,405
368,368
368,372
379,381
378,392
376,377
367,378
371,379
376,395
369,384
369,395
373,374
367,373
404,375
370,390
381,377
367,383
380,378
389,380
373,371
399,385
373,367
367,381
372,390
376,378
392,404
376,396
366,370
366,369
374,377
369,368
375,368
369,368
376,370
375,371
400,372
396,389
378,390
375,376
362,371
373,378
376,382
370,379
369,377
364,388
366,373
365,382
383,371
364,396
372,376
380,404
372,378
407,381
382,393
399,385
369,368
373,372
379,385
395,374
377,369
381,396
365,378
373,378
399,384
364,382
381,385
375,373
373,389
371,382
365,370
377,376
367,376
378,363
393,395
395,399
370,372
373,366
376,363
375,377
362,378
372,394
377,391
369,382
370,373
369,372
366,395
375,391
366,398
369,382
362,376
394,382
376,397
373,391
371,374
378,375
394,373
395,376
365,377
364,389
374,377
391,390
394,383
377,383
369,405
363,368
367,384
365,378
386,385
376,392
364,372
379,371
403,373
402,396
375,395
364,401
363,368
373,374
376,369
393,378
432,380
372,378
365,371
365,368
377,371
376,396
376,375
376,383
375,377
381,370
423,380
364,382
371,399
364,392
369,379
401,372
422,391
399,392
380,383
381,380
368,373
375,371
369,391
366,378
406,384
374,369
376,397
401,370
392,394
376,375
373,370
381,387
375,384
370,375
399,408
369,379
364,371
372,372
364,382
377,399
375,384
401,389
374,378
374,375
376,417
373,386
378,374
408,368
375,377
372,390
364,365
364,372
375,378
374,381
396,377
375,383
374,400
364,389
360,370
385,394
364,399
372,397
370,416
372,387
409,374
374,375
400,380
372,382
400,375
385,391
399,382
392,373
374,378
364,377
391,389
362,381
395,380
386,381
371,389
364,383
369,377
374,375
397,370
380,375
373,390
371,392
365,377
402,370
387,378
366,370
390,373
374,401
368,396
366,368
374,372
413,373
377,371
400,378
369,371
399,369
377,372
367,373
387,396
407,377
366,380
372,410
374,375
378,367
377,392
377,384
374,390
374,368
382,365
367,380
391,386
396,369
376,372
371,374
371,373
379,386
371,371
376,383
366,372
363,361
363,367
388,381
383,378
400,373
378,397
370,378
372,374
399,370
376,372
372,389
421,388
372,371
364,379
366,380
370,379
367,377
373,377
378,396
364,382
374,370
393,388
399,375
399,381
368,380
376,386
377,373
423,384
418,395
366,383
378,382
377,376
364,375
376,379
369,376
372,401
373,382
377,382
390,382
394,396
396,386
375,391
367,383
375,404
399,389
421,373
392,381
367,374
366,373
382,374
373,379
372,377
373,371
367,380
390,381
362,381
372,382
401,378
372,372
375,392
370,376
380,373
373,373
377,381
372,374
374,373
373,400
380,382
371,384
385,378
377,385
371,379
377,408
423,370
395,377
367,373
392,381
373,396
376,376
395,379
370,378
375,384
366,378
364,372
375,371
377,377
364,408
376,390
374,395
378,382
368,370
393,377
373,370
377,368
376,382
392,369
377,375
377,377
374,379
387,404
369,393
366,382
371,373
369,389
365,395
366,381
400,373
410,370
366,374
366,375
372,400
373,377
382,380
378,375
386,382
374,388
398,375
371,374
373,374
384,393
399,393
391,386
375,387
369,374
373,374
375,381
397,393
400,387
389,375
368,390
365,383
370,379
370,396
376,393
372,378
383,378
397,374
375,379
377,386
397,395
384,376
370,373
369,374
376,374
375,364
380,388
374,398
371,388
409,373
364,370
393,377
377,390
375,375
375,392
378,370
374,371
381,376
406,377
374,380
370,404
375,370
365,381
390,400
362,397
365,375
367,379
366,379
381,396
378,382
377,380
386,380
380,401
408,373
379,377
371,380
382,378
396,390
380,374
377,367
374,378
386,373
378,387
380,386
364,373
367,377
364,378
382,390
413,380
365,381
379,376
372,369
379,380
402,369
432,390
372,375
369,375
366,378
366,378
427,389
371,383
378,394
362,401
369,383
377,395
364,395
372,404
377,390
370,368
369,384
364,377
360,373
362,385
388,372
364,383
401,386
379,370
364,376
377,370
381,375
378,382
381,374
372,371
376,383
380,370
409,374
399,380
375,397
367,384
371,395
374,396
368,378
374,374
396,374
377,381
373,386
377,379
374,379
399,372
373,366
372,397
379,381
381,388
395,377
365,368
371,372
367,397
371,382
397,376
370,373
376,378
370,372
374,397
373,400
375,374
380,378
372,373
397,372
364,393
376,380
367,390
367,368
370,371
368,372
384,401
402,391
394,381
381,387
364,374
372,366
369,375
414,381
364,384
380,376
370,374
376,375
381,380
384,397
369,381
364,375
373,373
364,380
368,382
374,382
391,375
376,379
373,378
376,378
379,404
412,375
389,388
398,370
368,376
374,385
370,369
362,378
405,372
374,372
372,389
372,370
369,399
399,389
367,384
370,380
369,381
376,382
393,403
396,394
375,386
367,385
373,374
370,373
366,373
383,371
394,371
373,395
378,368
391,378
377,368
386,374
367,384
399,386
378,399
391,393
377,393
398,369
375,375
373,374
371,372
373,387
378,376
374,375
379,382
365,388
380,380
379,375
378,380
371,380
374,376
375,404
366,371
385,374
394,371
397,380
390,388
373,384
363,375
368,380
383,377
376,376
369,376
365,395
374,369
386,374
379,379
391,377
369,378
367,396
373,388
397,368
371,365
370,425
378,382
364,383
366,389
373,372
368,369
424,382
372,389
370,393
378,374
373,380
369,371
381,382
375,378
367,406
368,388
366,362
368,376
374,374
377,380
367,372
367,376
373,383
374,380
391,420
399,387
369,385
369,374
372,388
401,375
393,405
375,381
378,367
381,380
393,372
395,392
394,379
372,393
379,406
375,375
371,374
379,376
368,391
376,374
367,374
405,384
396,393
371,383
395,383
372,381
396,384
374,410
380,387
376,377
378,401
380,383
393,390
389,379
373,383
379,377
397,383
371,378
370,416
368,382
405,374
390,384
419,387
373,395
376,369
369,374
386,385
383,376
364,395
371,393
373,374
376,370
397,377
392,388
380,387
382,383
383,375
381,373
368,373
369,379
368,382
376,381
374,379
372,380
393,382
382,397
377,384
394,397
370,394
368,384
373,379
366,377
404,372
374,386
372,376
370,374
366,375
371,375
370,402
366,381
376,378
390,373
364,382
368,393
367,400
368,382
370,380
371,368
366,394
368,387
380,405
369,389
393,378
364,377
367,415
371,380
376,397
371,374
374,381
380,382
374,392
383,370
368,375
372,376
366,404
362,379
376,392
375,386
391,379
426,382
393,376
366,383
363,387
378,387
373,389
370,372
369,371
373,371
373,389
369,387
398,394
375,373
366,364
367,388
367,375
380,381
374,405
420,380
364,382
371,371
365,391
368,375
373,390
387,373
367,379
358,392
380,397
396,401
394,383
394,379
377,376
373,374
377,397
369,393
377,373
392,374
373,370
372,383
375,385
380,380
386,369
371,378
362,372
379,384
366,382
371,372
366,371
372,368
360,381
395,390
374,368
376,371
371,386
373,385
370,397
398,379
366,376
367,386
388,379
408,377
371,383
366,388
373,380
407,378
418,388
376,381
391,399
376,373
373,371
384,380
377,382
378,375
400,380
367,397
375,387
373,379
412,400
367,396
379,395
389,381
370,387
395,389
371,379
375,385
371,392
370,378
407,385
365,384
360,387
364,371
369,382
376,386
373,396
367,386
370,386
363,378
369,378
367,379
373,380
399,370
376,377
404,392
369,381
376,382
378,408
374,384
382,388
391,375
375,375
364,376
370,386
364,374
390,390
373,391
393,378
398,382
399,412
371,377
378,394
369,374
394,370
371,381
380,389
372,398
364,406
366,391
365,371
379,373
430,394
382,384
379,378
371,374
401,379
368,380
374,387
367,374
401,404
372,379
372,376
369,376
368,380
413,366
375,378
382,370
368,370
373,376
418,395
367,385
377,375
368,373
363,374
370,386
381,389
366,399
371,376
366,389
372,391
368,391
384,369
402,393
387,392
376,378
376,378
377,394
375,383
388,380
379,372
367,374
378,396
377,372
377,391
364,382
373,376
360,370
423,373
364,369
382,375
378,371
364,379
387,374
372,369
365,397
383,370
375,383
378,375
377,378
401,374
392,395
375,381
373,396
364,375
364,370
391,374
375,395
366,388
365,368
382,374
376,398
403,390
378,399
400,398
368,364
368,376
385,383
386,378
375,396
367,402
370,372
372,384
375,383
403,377
401,378
393,382
374,387
367,382
374,372
383,385
375,390
370,375
367,378
369,382
403,387
376,384
370,374
375,370
369,368
369,378
361,381
399,394
379,379
375,376
376,374
375,373
379,375
365,429
383,371
378,399
367,374
367,368
376,397
381,382
369,403
361,375
408,374
373,377
379,392
371,394
376,392
366,383
374,377
379,372
373,388
375,376
366,379
367,385
396,371
366,380
364,394
366,389
397,378
420,386
370,386
365,367
367,390
403,377
375,384
370,383
364,401
392,370
365,377
399,380
371,388
365,403
362,390
379,380
407,376
378,397
373,380
372,396
370,389
395,371
375,372
368,391
362,390
371,392
370,374
369,377
401,375
369,384
367,394
373,391
367,376
375,401
374,380
375,379
367,378
372,385
391,376
377,400
371,399
371,385
377,386
363,383
373,393
371,395
371,384
409,391
371,371
370,375
379,378
375,376
374,377
366,374
378,371
382,370
396,399
369,405
365,379
371,374
407,371
372,376
384,372
371,392
369,389
371,374
372,384
369,396
372,398
374,412
371,394
398,372
376,371
372,377
383,370
381,374
396,383
392,364
367,371
376,378
369,384
396,380
372,384
375,381
371,398
369,376
369,385
397,387
366,378
373,381
375,381
373,377
395,376
373,382
383,390
369,389
378,394
370,377
378,378
373,372
375,379
375,393
374,397
417,371
395,374
374,373
374,409
369,384
377,381
376,381
378,403
370,380
430,381
399,401
372,378
364,393
375,375
373,381
379,379
377,383
368,391
392,379
372,378
400,371
374,374
377,374
376,400
371,394
377,389
421,368
394,399
368,396
376,368
373,393
394,374
372,371
366,372
366,386
376,395
370,399
392,385
377,382
378,384
367,379
369,386
369,387
365,384
360,368
376,378
394,374
368,372
364,372
365,384
377,370
372,376
375,378
364,365
378,374
374,386
393,392
364,377
372,381
368,375
380,389
398,390
370,386
367,370
367,374
378,377
377,388
373,372
364,391
363,370
372,370
376,383
380,371
392,381
374,390
375,371
376,371
389,382
396,399
381,379
364,374
377,384
371,376
374,371
378,384
374,403
375,378
374,386
371,385
379,398
364,387
375,373
385,376
376,400
426,384
420,396
396,447
375,383
373,378
381,377
372,393
377,370
364,384
365,379
366,385
364,381
376,383
374,380
369,380
368,414
370,379
376,380
401,384
364,379
368,377
364,397
377,385
422,376
360,377
359,375
365,380
360,390
371,382
399,384
361,387
372,392
369,380
374,384
365,384
376,385
372,377
379,389
397,381
365,380
377,396
375,386
384,392
381,369
386,365
364,377
364,380
366,381
366,375
372,405
370,390
389,393
375,370
380,374
375,399
403,399
372,379
373,384
379,381
377,370
411,378
381,382
364,381
371,382
424,393
375,386
369,388
365,386
369,377
381,375
395,381
375,392
378,381
376,369
376,373
372,383
399,394
370,376
370,385
365,384
367,378
380,392
411,387
369,377
368,379
410,385
372,371
384,403
376,382
380,380
372,394
386,374
375,381
428,370
372,379
372,399
372,396
378,404
375,369
371,424
369,371
362,400
375,370
377,391
404,368
372,374
368,384
366,375
396,378
369,373
375,369
378,371
366,393
375,386
367,374
378,376
377,379
370,371
373,392
366,369
372,375
383,378
377,378
372,405
364,388
372,389
377,377
372,373
402,384
380,377
367,378
364,382
369,386
383,377
364,390
372,400
372,386
370,373
427,379
380,381
376,380
371,370
372,396
362,395
392,375
369,378
367,386
369,365
373,375
374,389
378,380
372,404
385,373
373,375
373,377
372,422
369,404
374,387
372,372
367,386
378,381
399,391
396,372
375,380
380,382
402,376
394,382
397,372
375,408
371,392
376,379
381,385
394,382
372,382
377,396
376,374
373,376
376,383
372,398
380,376
375,399
377,394
373,379
394,379
369,383
380,387
368,384
370,380
371,374
373,371
365,369
424,378
361,372
364,381
366,370
373,376
386,392
372,395
364,404
372,381
363,370
365,377
369,377
401,383
375,396
371,376
378,370
367,371
401,397
393,381
373,367
373,375
378,378
392,374
368,380
376,398
364,381
364,370
376,378
367,380
384,401
405,376
371,383
373,386
373,383
376,395
400,389
402,387
385,404
373,372
404,373
393,378
374,382
374,378
371,381
373,380
370,380
371,384
367,398
405,378
371,377
374,379
368,381
369,398
375,372
401,381
375,377
376,377
379,374
402,395
392,380
372,370
375,371
364,371
375,390
380,370
372,401
369,380
376,379
364,380
375,373
372,398
399,378
400,379
375,381
376,381
372,398
366,380
384,370
404,380
394,386
423,377
376,390
377,391
368,368
378,373
364,374
367,369
401,378
368,393
368,402
379,368
369,372
368,403
375,385
377,370
376,366
375,379
393,404
364,398
367,369
379,375
391,381
388,390
364,399
377,376
361,389
374,373
370,376
382,385
402,396
399,399
372,371
376,374
376,381
390,375
375,396
375,374
377,376
377,370
376,395
377,378
371,379
380,380
377,374
393,368
404,380
374,382
380,391
376,376
384,376
394,381
386,401
372,399
369,398
372,378
370,369
407,376
394,392
376,373
379,371
372,373
381,383
373,375
370,381
379,374
372,380
427,391
367,398
382,387
374,375
361,373
370,374
371,383
364,401
379,403
377,377
368,378
401,370
398,397
365,391
374,372
371,377
402,368
401,396
362,387
390,378
375,383
386,378
376,380
365,385
368,382
367,391
367,388
367,389
368,381
370,386
376,382
385,375
394,395
425,374
374,373
369,370
370,373
372,406
395,374
387,376
375,374
377,405
365,395
371,377
389,376
374,370
365,375
392,374
394,373
398,374
371,373
373,377
364,372
374,375
384,382
383,370
365,378
374,379
375,381
367,371
387,371
399,383
366,386
369,387
377,434
383,376
377,372
379,369
378,375
371,379
373,373
374,378
377,378
378,377
411,369
367,374
369,376
371,370
373,370
377,371
393,370
377,375
370,378
375,435
377,368
378,384
377,368
374,399
373,370
376,379
371,399
374,378
395,400
367,395
363,388
366,389
365,379
385,367
373,378
361,383
378,374
377,386
391,377
369,376
371,379
374,370
372,377
399,395
394,385
378,370
373,374
381,387
370,397
364,407
365,368
365,378
367,381
375,376
394,374
375,407
365,383
380,377
376,384
374,375
376,381
378,390
378,386
369,370
375,374
368,391
376,374
373,372
373,377
383,383
368,383
391,383
436,391
377,375
370,397
383,393
367,375
375,377
370,376
372,382
385,400
399,393
364,382
381,383
362,381
369,377
398,396
396,372
379,373
370,379
380,381
374,405
378,389
378,368
382,373
376,379
373,402
380,385
380,378
370,385
369,373
373,384
378,396
376,367
377,380
378,369
375,401
380,365
374,377
367,379
373,382
370,396
376,376
400,380
367,372
369,401
372,379
374,370
376,374
369,428
370,379
372,395
375,378
372,391
368,370
370,368
372,380
427,397
425,384
398,370
371,379
373,387
374,396
367,399
384,404
370,371
374,373
372,382
391,396
376,383
367,381
370,379
370,380
369,399
373,386
373,390
382,376
369,384
384,397
386,381
405,396
374,379
364,397
368,385
403,400
426,372
379,370
377,375
382,372
369,395
373,396
375,372
377,379
400,379
377,372
403,378
388,377
365,368
365,370
367,374
380,396
376,377
367,391
366,371
365,370
369,375
386,398
400,388
371,394
364,372
407,371
391,379
401,398
391,372
367,376
369,383
367,381
373,385
372,385
372,384
381,376
372,386
397,373
378,372
370,379
370,395
361,398
365,384
377,376
363,376
375,372
369,382
376,376
379,378
376,387
376,383
378,380
371,388
409,384
378,390
370,389
370,368
376,379
374,365
366,398
377,377
366,395
372,377
395,382
392,390
376,385
366,395
375,375
394,369
400,387
402,409
372,369
373,372
387,385
393,380
397,387
372,419
376,375
396,383
369,388
370,389
387,388
380,382
370,381
373,396
372,379
371,402
373,407
372,381
369,377
390,378
378,391
400,397
369,396
371,380
369,373
395,368
379,374
367,399
364,372
381,381
406,376
383,376
373,377
382,395
396,396
430,379
399,385
378,368
376,376
376,395
372,401
373,372
366,371
363,373
367,378
404,380
403,372
366,395
367,376
378,384
373,373
374,382
372,391
369,394
395,375
403,374
376,373
379,375
385,388
378,386
367,382
376,366
368,373
377,375
385,374
424,380
366,370
366,369
367,371
376,397
399,393
380,375
369,372
378,371
373,379
369,382
378,399
377,380
366,371
383,370
393,377
375,389
366,398
372,379
361,371
368,380
370,386
377,383
374,392
370,375
375,368
372,374
371,368
388,377
366,386
374,375
374,390
426,377
376,375
376,399
369,374
375,376
380,368
374,397
367,374
366,371
370,367
379,373
422,394
368,372
366,370
377,366
372,371
423,410
404,374
369,371
373,383
379,375
394,373
402,405
383,384
368,397
364,383
397,373
367,375
392,381
368,375
364,377
366,376
370,394
378,398
371,394
366,374
369,382
401,386
404,390
390,375
370,369
379,378
410,365
370,373
369,372
372,397
368,370
377,376
373,387
378,379
373,401
377,379
371,376
376,368
370,381
381,382
407,378
377,381
392,379
369,388
370,387
373,386
375,376
402,381
402,392
368,391
377,382
369,402
423,368
396,385
374,378
367,379
425,378
377,381
377,376
393,379
381,378
388,397
381,370
371,373
375,385
386,382
381,396
378,406
398,377
373,371
380,380
377,386
372,380
390,432
373,377
368,389
378,375
378,390
389,370
376,374
375,374
435,394
400,369
373,388
370,383
365,376
366,383
375,396
376,370
392,373
366,370
370,397
375,379
369,399
394,372
383,372
379,380
376,396
375,392
368,377
366,382
370,379
371,390
374,387
381,380
377,389
361,381
365,380
364,376
427,380
406,388
392,376
366,378
374,377
391,373
400,377
371,378
370,377
369,404
373,378
381,390
369,371
365,374
374,369
375,382
380,381
358,378
370,381
366,378
371,374
374,374
398,371
368,374
364,378
376,386
372,396
373,402
370,377
373,369
381,382
372,380
378,368
380,405
392,380
368,370
371,388
384,387
373,382
396,375
367,380
369,376
369,394
370,397
389,379
371,381
367,380
369,374
373,399
370,383
376,374
376,390
378,385
369,402
380,407
373,377
375,361
368,378
391,376
367,374
400,382
392,370
372,388
373,370
364,405
366,399
370,370
389,378
385,371
374,374
379,394
369,388
373,379
370,382
367,399
401,390
364,383
363,373
367,375
374,374
374,380
393,389
361,374
375,374
388,378
362,400
373,393
373,365
368,379
369,375
376,383
379,369
359,384
367,372
364,372
374,374
379,392
365,373
378,388
367,379
398,374
377,372
401,392
370,379
369,367
372,371
368,381
375,374
382,383
375,376
374,380
372,386
374,374
377,370
365,382
424,385
394,380
381,394
365,393
375,377
374,366
375,381
366,389
399,403
373,374
398,373
395,378
386,402
369,392
374,373
376,378
405,382
424,380
366,373
372,386
370,372
382,368
373,378
421,371
365,375
379,375
380,378
402,374
365,373
402,396
371,375
371,382
373,381
369,385
387,370
379,401
392,395
378,380
372,369
387,375
391,380
403,372
389,380
368,373
369,382
366,397
379,371
385,380
369,370
369,375
375,389
370,388
397,370
363,374
376,370
370,376
376,390
405,373
365,378
367,371
378,377
378,418
371,381
373,382
373,391
369,387
372,383
381,375
371,372
368,382
372,406
373,379
376,387
405,382
375,380
375,385
371,392
377,380
407,382
385,372
377,379
414,383
369,391
374,390
401,377
397,404
396,393
370,377
396,373
369,379
373,374
368,375
369,388
368,377
398,380
370,381
370,392
379,392
430,382
374,378
368,396
374,378
376,379
376,379
378,376
366,370
373,392
370,406
375,379
381,370
361,376
367,393
380,393
415,374
366,378
372,372
367,392
375,378
367,405
371,371
403,366
364,400
364,377
378,380
365,391
377,383
366,378
377,375
362,370
370,373
418,368
377,369
379,373
372,384
378,404
427,383
400,389
370,373
373,374
383,408
376,378
366,393
377,393
367,369
379,378
391,369
393,382
372,372
391,376
377,374
368,394
367,374
387,374
369,380
386,397
379,400
371,393
371,368
394,370
368,377
370,405
371,393
369,380
393,369
370,376
370,396
375,372
360,369
399,367
399,372
375,372
369,368
375,395
403,376
399,384
374,376
397,389
367,378
379,390
374,399
378,375
385,378
373,416
370,386
385,389
377,389
397,367
393,374
372,370
375,370
366,375
382,369
404,392
405,375
383,375
372,380
403,394
398,375
372,377
375,374
371,377
375,431
379,377
366,392
370,376
373,381
369,383
372,408
372,379
370,369
376,380
370,376
371,383
389,389
375,380
372,370
376,395
374,376
367,379
404,377
394,380
379,387
381,402
406,396
410,380
385,417
376,376
376,376
372,382
391,397
381,399
370,376
380,377
374,386
376,398
371,374
369,374
383,372
373,387
401,371
378,368
375,368
376,373
375,374
391,398
404,393
370,374
372,378
431,379
382,383
393,371
371,382
369,385
380,389
397,377
368,372
368,383
371,377
372,387
409,375
371,374
374,376
370,390
390,374
380,384
377,363
369,379
397,372
371,396
376,402
373,386
390,368
424,378
369,380
378,405
364,374
382,378
400,373
404,380
371,378
364,379
369,399
397,381
371,374
392,386
364,396
369,376
364,407
386,394
374,374
393,377
368,379
369,409
376,371
421,396
396,376
370,399
368,373
372,376
375,367
366,379
372,378
380,378
401,379
389,371
368,371
373,401
373,381
399,385
371,380
368,382
364,386
364,388
378,388
364,395
382,387
424,387
368,387
372,384
378,391
372,442
372,370
378,371
367,385
374,388
376,383
406,369
390,375
370,376
369,392
